X0,7
X1,85
X2,1
X3,3
X4,1
X5,12
X6,3
X7,20
X8,0
X9,1
X10,1
X11,29
X12,4
X13,1
X14,6
X15,2
X16,2
X17,0
X18,94
X19,2
X20,1
X21,2
X22,1
X23,1
X24,1
X25,20
X26,1
X27,4
X28,1
X29,1
X30,1
X31,1
X32,2
X33,1
X34,1
X35,27
X36,2
X37,2
X38,8
X39,9
X40,1
X41,9
X42,15
X43,1
X44,1
X45,10
X46,1
X47,3
X48,6
X49,12
X50,10
X51,29
X52,1
X53,1
X54,6
X55,1
X56,1
X57,16
X58,3
X59,6
X60,5
X61,13
X62,8
X63,2
X64,7
X65,1
X66,2
X67,1
X68,0
X69,6
X70,1
X71,7
X72,1
X73,1
X74,6
X75,1
X76,1
X77,15
X78,7
X79,2
X80,4
X81,2
X82,25
X83,9
X84,18
X85,1
X86,1
X87,1
X88,1
X89,1
X90,3
X91,1
X92,1
X93,1
X94,1
X95,6
X96,1
X97,1
X98,1
X99,31
X100,3
X101,1
X102,1
X103,4
X104,1
X105,1
X106,17
X107,1
X108,1
X109,1
X110,0
X111,1
X112,8
X113,7
X114,1
X115,1
X116,0
X117,3
X118,8
X119,1
X120,1
X121,1
X122,3
X123,1
X124,1
X125,8
X126,3
X127,0
X128,1
X129,39
X130,1
X131,1
X132,0
X133,214
X134,5
X135,6
X136,1
X137,1
X138,1
X139,1
X140,1
X141,1
X142,1
X143,10
X144,7
X145,2
X146,1
X147,6
X148,1
X149,8
X150,1
X151,1
X152,1
X153,1
X154,1
X155,6
X156,1
X157,6
X158,8
X159,1
X160,3
X161,1
X162,0
X163,0
X164,7
X165,1
X166,1
X167,1
X168,2
X169,0
X170,4
X171,1
X172,4
X173,1
X174,2
X175,3
X176,3
X177,29
X178,1
X179,4
X180,1
X181,1
X182,7
X183,1
X184,2
X185,4
X186,0
X187,7
X188,24
X189,1
X190,1
X191,29
X192,1
X193,6
X194,1
X195,1
X196,1
X197,1
X198,1
X199,3
X200,1
X201,4
X202,1
X203,1
X204,8
X205,4
X206,10
X207,0
X208,1
X209,1
X210,0
X211,1
X212,7
X213,6
X214,1
X215,2
X216,1
X217,6
X218,9
X219,1
X220,1
X221,1
X222,41
X223,2
X224,2
X225,2
X226,3
X227,1
X228,5
X229,1
X230,3
X231,3
X232,3
X233,1
X234,1
X235,0
X236,5
X237,1
X238,1
X239,11
X240,32
X241,3
X242,3
X243,1
X244,1
X245,16
X246,1
X247,1
X248,4
X249,4
X250,1
X251,2
X252,2
X253,6
X254,0
X255,1
X256,7
X257,0
X258,6
X259,1
X260,14
X261,7
X262,8
X263,9
X264,2
X265,9
X266,0
X267,1
X268,1
X269,1
X270,18
X271,1
X272,1
X273,1
X274,3
X275,1
X276,7
X277,1
X278,62
X279,3
X280,1
X281,0
X282,1
X283,2
X284,1
X285,1
X286,4
X287,7
X288,2
X289,1
X290,5
X291,7
X292,1
X293,1
X294,2
X295,18
X296,2
X297,1
X298,6
X299,8
X300,65
X301,1
X302,25
X303,0
X304,1
X305,67
X306,7
X307,16
X308,6
X309,8
X310,4
X311,1
X312,2
X313,3
X314,2
X315,1
X316,7
X317,8
X318,13
X319,23
X320,1
X321,1
X322,7
X323,5
X324,6
X325,0
X326,2
X327,7
X328,2
X329,2
X330,6
X331,7
X332,5
X333,9
X334,1
X335,4
X336,1
X337,6
X338,1
X339,43
X340,2
X341,6
X342,1
X343,1
X344,5
X345,0
X346,1
X347,39
X348,9
X349,3
X350,39
X351,5
X352,1
X353,1
X354,0
X355,2
X356,1
X357,1
X358,7
X359,1
X360,1
X361,14
X362,5
X363,16
X364,1
X365,3
X366,12
X367,235
X368,1
X369,1
X370,2
X371,1
X372,1
X373,3
X374,1
X375,7
X376,1
X377,0
X378,1
X379,3
X380,5
X381,2
X382,1
X383,1
X384,1
X385,1
X386,2
X387,20
X388,1
X389,1
X390,9
X391,1
X392,1
X393,9
X394,17
X395,233
X396,2
X397,1
X398,10
X399,64
X400,1
X401,1
X402,1
X403,0
X404,1
X405,2
X406,0
X407,5
X408,3
X409,1
X410,1
X411,2
X412,1
X413,1
X414,0
X415,2
X416,225
X417,2
X418,0
X419,6
X420,35
X421,1
X422,2
X423,29
X424,7
X425,1
X426,1
X427,1
X428,1
X429,2
X430,8
X431,3
X432,4
X433,1
X434,4
X435,1
X436,0
X437,1
X438,1
X439,3
X440,19
X441,14
X442,2
X443,2
X444,2
X445,10
X446,1
X447,1
X448,6
X449,3
X450,3
X451,3
X452,2
X453,10
X454,1
X455,22
X456,2
X457,14
X458,1
X459,1
X460,5
X461,1
X462,3
X463,3
X464,16
X465,58
X466,8
X467,16
X468,39
X469,1
X470,1
X471,9
X472,54
X473,1
X474,50
X475,2
X476,4
X477,16
X478,16
X479,17
X480,1
X481,1
X482,6
X483,2
X484,1
X485,3
X486,19
X487,1
X488,53
X489,1
X490,3
X491,2
X492,1
X493,1
X494,1
X495,1
X496,2
X497,2
X498,5
X499,1
X500,1
X501,9
X502,2
X503,1
X504,1
X505,2
X506,10
X507,6
X508,14
X509,0
X510,3
X511,1
X512,17
X513,1
X514,1
X515,11
X516,1
X517,1
X518,6
X519,7
X520,14
X521,4
X522,1
X523,1
X524,4
X525,12
X526,17
X527,7
X528,1
X529,1
X530,1
X531,6
X532,1
X533,1
X534,1
X535,10
X536,50
X537,1
X538,1
X539,4
X540,7
X541,6
X542,1
X543,1
X544,0
X545,1
X546,1
X547,1
X548,10
X549,1
X550,4
X551,2
X552,2
X553,6
X554,1
X555,1
X556,1
X557,5
X558,0
X559,1
X560,1
X561,0
X562,1
X563,1
X564,25
X565,5
X566,1
X567,84
X568,1
X569,1
X570,1
X571,1
X572,4
X573,1
X574,6
X575,2
X576,1
X577,7
X578,1
X579,0
X580,0
X581,5
X582,7
X583,13
X584,1
X585,1
X586,2
X587,1
X588,6
X589,1
X590,59
X591,4
X592,2
X593,1
X594,1
X595,10
X596,1
X597,1
X598,8
X599,1
X600,1
X601,1
X602,1
X603,1
X604,183
X605,1
X606,1
X607,1
X608,13
X609,5
X610,1
X611,1
X612,6
X613,4
X614,5
X615,5
X616,3
X617,3
X618,1
X619,0
X620,3
X621,21
X622,11
X623,1
X624,8
X625,18
X626,0
X627,1
X628,1
X629,6
X630,2
X631,1
X632,18
X633,32
X634,17
X635,1
X636,2
X637,1
X638,1
X639,6
X640,14
X641,4
X642,6
X643,1
X644,2
X645,3
X646,2
X647,3
X648,0
X649,9
X650,5
X651,1
X652,9
X653,1
X654,1
X655,8
X656,0
X657,6
X658,2
X659,8
X660,0
X661,1
X662,1
X663,58
X664,1
X665,3
X666,0
X667,4
X668,16
X669,4
X670,1
X671,1
X672,52
X673,1
X674,3
X675,1
X676,4
X677,1
X678,8
X679,14
X680,4
X681,4
X682,1
X683,3
X684,1
X685,0
X686,1
X687,3
X688,1
X689,22
X690,0
X691,2
X692,1
X693,0
X694,10
X695,16
X696,6
X697,2
X698,5
X699,1
X700,3
X701,1
X702,1
X703,201
X704,1
X705,1
X706,2
X707,19
X708,7
X709,1
X710,1
X711,3
X712,1
X713,1
X714,3
X715,1
X716,2
X717,5
X718,7
X719,11
X720,2
X721,54
X722,1
X723,149
X724,1
X725,1
X726,2
X727,1
X728,1
X729,7
X730,1
X731,14
X732,1
X733,6
X734,6
X735,1
X736,1
X737,1
X738,4
X739,233
X740,0
X741,2
X742,1
X743,4
X744,4
X745,1
X746,2
X747,0
X748,1
X749,1
X750,1
X751,36
X752,2
X753,120
X754,1
X755,8
X756,1
X757,1
X758,12
X759,3
X760,3
X761,1
X762,11
X763,1
X764,2
X765,1
X766,10
X767,4
X768,0
X769,1
X770,1
X771,1
X772,1
X773,2
X774,4
X775,1
X776,1
X777,5
X778,7
X779,2
X780,1
X781,0
X782,7
X783,1
X784,1
X785,1
X786,1
X787,5
X788,3
X789,6
X790,3
X791,10
X792,1
X793,7
X794,2
X795,1
X796,1
X797,10
X798,6
X799,17
X800,2
X801,6
X802,1
X803,14
X804,2
X805,8
X806,13
X807,2
X808,1
X809,1
X810,5
X811,1
X812,5
X813,1
X814,85
X815,1
X816,1
X817,1
X818,6
X819,14
X820,4
X821,5
X822,3
X823,1
X824,6
X825,12
X826,1
X827,1
X828,1
X829,1
X830,1
X831,54
X832,1
X833,0
X834,1
X835,2
X836,1
X837,5
X838,1
X839,1
X840,2
X841,2
X842,2
X843,1
X844,1
X845,1
X846,3
X847,4
X848,6
X849,1
X850,0
X851,1
X852,2
X853,1
X854,6
X855,1
X856,3
X857,2
X858,22
X859,1
X860,0
X861,2
X862,1
X863,25
X864,1
X865,7
X866,1
X867,3
X868,2
X869,9
X870,2
X871,2
X872,0
X873,29
X874,50
X875,7
X876,1
X877,1
X878,1
X879,1
X880,10
X881,5
X882,0
X883,3
X884,4
X885,3
X886,1
X887,1
X888,3
X889,1
X890,31
X891,1
X892,1
X893,24
X894,4
X895,1
X896,1
X897,1
X898,1
X899,1
X900,1
X901,8
X902,9
X903,4
X904,16
X905,1
X906,11
X907,1
X908,11
X909,1
X910,1
X911,3
X912,60
X913,1
X914,3
X915,5
X916,1
X917,1
X918,2
X919,4
X920,1
X921,1
X922,1
X923,1
X924,1
X925,1
X926,1
X927,1
X928,1
X929,4
X930,2
X931,61
X932,1
X933,1
X934,1
X935,1
X936,3
X937,1
X938,2
X939,2
X940,1
X941,5
X942,1
X943,1
X944,1
X945,4
X946,1
X947,10
X948,4
X949,1
X950,2
X951,1
X952,1
X953,1
X954,10
X955,1
X956,1
X957,18
X958,1
X959,48
X960,1
X961,7
X962,4
X963,0
X964,9
X965,3
X966,14
X967,36
X968,1
X969,49
X970,6
X971,1
X972,1
X973,7
X974,3
X975,58
X976,18
X977,16
X978,5
X979,1
X980,5
X981,1
X982,2
X983,4
X984,1
X985,1
X986,1
X987,5
X988,2
X989,5
X990,12
X991,4
X992,97
X993,41
X994,6
X995,4
X996,1
X997,5
X998,7
X999,7
X1000,32
X1001,31
X1002,1
X1003,1
X1004,1
X1005,5
X1006,5
X1007,3
X1008,1
X1009,3
X1010,7
X1011,1
X1012,1
X1013,1
X1014,2
X1015,1
X1016,1
X1017,8
X1018,3
X1019,1
X1020,4
X1021,10
X1022,1
X1023,38
X1024,17
X1025,1
X1026,1
X1027,1
X1028,2
X1029,1
X1030,0
X1031,39
X1032,7
X1033,0
X1034,8
X1035,1
X1036,6
X1037,5
X1038,0
X1039,6
X1040,0
X1041,1
X1042,21
X1043,2
X1044,0
X1045,1
X1046,1
X1047,3
X1048,1
X1049,1
X1050,0
X1051,6
X1052,5
X1053,0
X1054,25
X1055,5
X1056,8
X1057,18
X1058,1
X1059,6
X1060,2
X1061,9
X1062,11
X1063,2
X1064,1
X1065,1
X1066,6
X1067,5
X1068,4
X1069,1
X1070,0
X1071,1
X1072,2
X1073,1
X1074,1
X1075,1
X1076,1
X1077,1
X1078,0
X1079,2
X1080,16
X1081,1
X1082,1
X1083,2
X1084,2
X1085,7
X1086,6
X1087,1
X1088,25
X1089,3
X1090,17
X1091,2
X1092,1
X1093,7
X1094,1
X1095,1
X1096,128
X1097,1
X1098,4
X1099,3
X1100,1
X1101,1
X1102,2
X1103,0
X1104,6
X1105,1
X1106,11
X1107,1
X1108,1
X1109,1
X1110,1
X1111,1
X1112,11
X1113,1
X1114,0
X1115,1
X1116,0
X1117,2
X1118,1
X1119,1
X1120,8
X1121,2
X1122,3
X1123,1
X1124,1
X1125,6
X1126,11
X1127,0
X1128,3
X1129,12
X1130,152
X1131,7
X1132,1
X1133,0
X1134,3
X1135,6
X1136,6
X1137,1
X1138,1
X1139,1
X1140,1
X1141,1
X1142,3
X1143,1
X1144,0
X1145,2
X1146,36
X1147,11
X1148,0
X1149,1
X1150,1
X1151,1
X1152,1
X1153,5
X1154,1
X1155,1
X1156,7
X1157,1
X1158,5
X1159,1
X1160,3
X1161,1
X1162,6
X1163,1
X1164,32
X1165,1
X1166,3
X1167,1
X1168,43
X1169,14
X1170,4
X1171,13
X1172,1
X1173,6
X1174,0
X1175,6
X1176,1
X1177,0
X1178,1
X1179,1
X1180,6
X1181,2
X1182,14
X1183,1
X1184,1
X1185,1
X1186,1
X1187,11
X1188,13
X1189,10
X1190,55
X1191,2
X1192,0
X1193,5
X1194,3
X1195,5
X1196,1
X1197,1
X1198,6
X1199,3
X1200,7
X1201,6
X1202,11
X1203,22
X1204,60
X1205,3
X1206,6
X1207,3
X1208,4
X1209,1
X1210,6
X1211,0
X1212,1
X1213,1
X1214,1
X1215,4
X1216,5
X1217,5
X1218,4
X1219,1
X1220,1
X1221,3
X1222,6
X1223,2
X1224,31
X1225,10
X1226,9
X1227,2
X1228,6
X1229,1
X1230,6
X1231,8
X1232,8
X1233,3
X1234,10
X1235,1
X1236,6
X1237,1
X1238,1
X1239,1
X1240,1
X1241,1
X1242,1
X1243,7
X1244,3
X1245,2
X1246,1
X1247,0
X1248,6
X1249,9
X1250,1
X1251,1
X1252,4
X1253,3
X1254,4
X1255,1
X1256,0
X1257,5
X1258,3
X1259,31
X1260,15
X1261,1
X1262,2
X1263,1
X1264,19
X1265,3
X1266,27
X1267,2
X1268,1
X1269,1
X1270,1
X1271,7
X1272,22
X1273,1
X1274,0
X1275,1
X1276,1
X1277,34
X1278,1
X1279,3
X1280,0
X1281,7
X1282,31
X1283,1
X1284,4
X1285,1
X1286,1
X1287,3
X1288,1
X1289,1
X1290,1
X1291,1
X1292,6
X1293,8
X1294,4
X1295,54
X1296,1
X1297,1
X1298,2
X1299,3
X1300,7
X1301,0
X1302,2
X1303,6
X1304,9
X1305,1
X1306,15
X1307,1
X1308,1
X1309,2
X1310,0
X1311,1
X1312,1
X1313,3
X1314,10
X1315,1
X1316,1
X1317,1
X1318,2
X1319,15
X1320,1
X1321,0
X1322,6
X1323,1
X1324,1
X1325,0
X1326,1
X1327,4
X1328,5
X1329,16
X1330,1
X1331,1
X1332,7
X1333,0
X1334,0
X1335,4
X1336,51
X1337,3
X1338,29
X1339,8
X1340,1
X1341,1
X1342,1
X1343,7
X1344,4
X1345,13
X1346,5
X1347,143
X1348,7
X1349,1
X1350,14
X1351,1
X1352,6
X1353,1
X1354,77
X1355,5
X1356,8
X1357,16
X1358,14
X1359,166
X1360,2
X1361,3
X1362,2
X1363,4
X1364,3
X1365,73
X1366,1
X1367,1
X1368,3
X1369,1
X1370,31
X1371,1
X1372,15
X1373,2
X1374,1
X1375,5
X1376,0
X1377,1
X1378,1
X1379,1
X1380,5
X1381,2
X1382,1
X1383,1
X1384,3
X1385,1
X1386,18
X1387,1
X1388,8
X1389,0
X1390,1
X1391,1
X1392,14
X1393,1
X1394,3
X1395,6
X1396,1
X1397,1
X1398,1
X1399,1
X1400,1
X1401,1
X1402,0
X1403,1
X1404,6
X1405,8
X1406,25
X1407,3
X1408,3
X1409,186
X1410,1
X1411,1
X1412,1
X1413,3
X1414,3
X1415,1
X1416,1
X1417,1
X1418,0
X1419,5
X1420,6
X1421,11
X1422,1
X1423,6
X1424,1
X1425,3
X1426,1
X1427,1
X1428,10
X1429,1
X1430,1
X1431,2
X1432,1
X1433,1
X1434,17
X1435,1
X1436,1
X1437,1
X1438,5
X1439,32
X1440,8
X1441,1
X1442,3
X1443,4
X1444,1
X1445,1
X1446,1
X1447,1
X1448,2
X1449,1
X1450,1
X1451,1
X1452,37
X1453,1
X1454,1
X1455,10
X1456,7
X1457,1
X1458,167
X1459,1
X1460,6
X1461,0
X1462,34
X1463,3
X1464,1
X1465,0
X1466,5
X1467,14
X1468,4
X1469,1
X1470,1
X1471,1
X1472,1
X1473,7
X1474,4
X1475,6
X1476,5
X1477,1
X1478,3
X1479,1
X1480,31
X1481,2
X1482,1
X1483,3
X1484,1
X1485,1
X1486,0
X1487,1
X1488,1
X1489,1
X1490,0
X1491,1
X1492,0
X1493,0
X1494,1
X1495,3
X1496,1
X1497,17
X1498,1
X1499,1
X1500,2
X1501,2
X1502,1
X1503,1
X1504,3
X1505,15
X1506,2
X1507,1
X1508,1
X1509,39
X1510,1
X1511,1
X1512,2
X1513,1
X1514,13
X1515,5
X1516,0
X1517,2
X1518,2
X1519,1
X1520,3
X1521,0
X1522,1
X1523,1
X1524,11
X1525,1
X1526,2
X1527,1
X1528,2
X1529,1
X1530,1
X1531,5
X1532,1
X1533,0
X1534,6
X1535,8
X1536,2
X1537,140
X1538,1
X1539,8
X1540,4
X1541,6
X1542,3
X1543,1
X1544,3
X1545,2
X1546,7
X1547,4
X1548,53
X1549,5
X1550,1
X1551,41
X1552,6
X1553,1
X1554,2
X1555,1
X1556,27
X1557,10
X1558,2
X1559,7
X1560,3
X1561,8
X1562,1
X1563,78
X1564,1
X1565,4
X1566,32
X1567,6
X1568,10
X1569,6
X1570,6
X1571,1
X1572,1
X1573,7
X1574,2
X1575,2
X1576,1
X1577,1
X1578,0
X1579,7
X1580,1
X1581,6
X1582,17
X1583,6
X1584,2
X1585,5
X1586,3
X1587,1
X1588,7
X1589,1
X1590,1
X1591,0
X1592,1
X1593,1
X1594,6
X1595,1
X1596,9
X1597,0
X1598,0
X1599,6
X1600,6
X1601,1
X1602,1
X1603,1
X1604,1
X1605,2
X1606,1
X1607,4
X1608,7
X1609,1
X1610,10
X1611,1
X1612,7
X1613,1
X1614,8
X1615,1
X1616,1
X1617,3
X1618,1
X1619,7
X1620,1
X1621,1
X1622,4
X1623,7
X1624,1
X1625,1
X1626,1
X1627,1
X1628,1
X1629,16
X1630,0
X1631,24
X1632,17
X1633,1
X1634,1
X1635,6
X1636,1
X1637,18
X1638,55
X1639,1
X1640,1
X1641,0
X1642,7
X1643,1
X1644,12
X1645,1
X1646,1
X1647,15
X1648,2
X1649,0
X1650,1
X1651,1
X1652,1
X1653,5
X1654,6
X1655,1
X1656,5
X1657,1
X1658,5
X1659,1
X1660,0
X1661,1
X1662,1
X1663,4
X1664,1
X1665,15
X1666,1
X1667,1
X1668,1
X1669,2
X1670,6
X1671,18
X1672,1
X1673,2
X1674,1
X1675,1
X1676,0
X1677,2
X1678,5
X1679,2
X1680,1
X1681,6
X1682,4
X1683,12
X1684,2
X1685,2
X1686,1
X1687,1
X1688,3
X1689,1
X1690,10
X1691,106
X1692,0
X1693,5
X1694,8
X1695,1
X1696,10
X1697,1
X1698,1
X1699,4
X1700,21
X1701,0
X1702,1
X1703,1
X1704,1
X1705,2
X1706,1
X1707,10
X1708,4
X1709,1
X1710,1
X1711,3
X1712,7
X1713,2
X1714,0
X1715,9
X1716,1
X1717,8
X1718,1
X1719,6
X1720,14
X1721,2
X1722,1
X1723,2
X1724,24
X1725,1
X1726,8
X1727,0
X1728,2
X1729,1
X1730,3
X1731,219
X1732,0
X1733,1
X1734,0
X1735,3
X1736,1
X1737,3
X1738,1
X1739,1
X1740,3
X1741,1
X1742,3
X1743,1
X1744,2
X1745,15
X1746,2
X1747,14
X1748,1
X1749,1
X1750,1
X1751,2
X1752,0
X1753,1
X1754,1
X1755,1
X1756,4
X1757,15
X1758,15
X1759,0
X1760,1
X1761,16
X1762,1
X1763,1
X1764,11
X1765,8
X1766,1
X1767,7
X1768,2
X1769,5
X1770,5
X1771,3
X1772,17
X1773,38
X1774,18
X1775,2
X1776,1
X1777,4
X1778,6
X1779,1
X1780,1
X1781,5
X1782,1
X1783,3
X1784,1
X1785,1
X1786,18
X1787,6
X1788,3
X1789,3
X1790,4
X1791,139
X1792,1
X1793,15
X1794,4
X1795,3
X1796,5
X1797,1
X1798,1
X1799,12
X1800,1
X1801,1
X1802,3
X1803,1
X1804,1
X1805,13
X1806,1
X1807,4
X1808,1
X1809,12
X1810,10
X1811,5
X1812,38
X1813,2
X1814,10
X1815,0
X1816,2
X1817,7
X1818,10
X1819,4
X1820,1
X1821,1
X1822,1
X1823,1
X1824,1
X1825,1
X1826,96
X1827,4
X1828,1
X1829,1
X1830,1
X1831,5
X1832,7
X1833,4
X1834,1
X1835,13
X1836,20
X1837,5
X1838,5
X1839,6
X1840,0
X1841,4
X1842,7
X1843,3
X1844,13
X1845,1
X1846,0
X1847,1
X1848,1
X1849,7
X1850,1
X1851,2
X1852,0
X1853,1
X1854,1
X1855,1
X1856,3
X1857,8
X1858,1
X1859,1
X1860,1
X1861,3
X1862,11
X1863,12
X1864,39
X1865,1
X1866,1
X1867,1
X1868,0
X1869,6
X1870,1
X1871,1
X1872,7
X1873,2
X1874,22
X1875,3
X1876,0
X1877,4
X1878,3
X1879,1
X1880,1
X1881,6
X1882,2
X1883,3
X1884,6
X1885,6
X1886,6
X1887,26
X1888,17
X1889,7
X1890,3
X1891,0
X1892,0
X1893,2
X1894,8
X1895,1
X1896,0
X1897,1
X1898,1
X1899,4
X1900,3
X1901,1
X1902,1
X1903,3
X1904,1
X1905,13
X1906,1
X1907,1
X1908,4
X1909,59
X1910,7
X1911,1
X1912,0
X1913,6
X1914,2
X1915,1
X1916,1
X1917,1
X1918,1
X1919,23
X1920,2
X1921,1
X1922,1
X1923,6
X1924,3
X1925,2
X1926,0
X1927,1
X1928,5
X1929,0
X1930,2
X1931,2
X1932,4
X1933,6
X1934,2
X1935,1
X1936,2
X1937,9
X1938,4
X1939,5
X1940,3
X1941,4
X1942,4
X1943,11
X1944,1
X1945,18
X1946,44
X1947,2
X1948,7
X1949,6
X1950,1
X1951,0
X1952,7
X1953,1
X1954,4
X1955,6
X1956,10
X1957,3
X1958,1
X1959,3
X1960,4
X1961,1
X1962,2
X1963,2
X1964,1
X1965,6
X1966,1
X1967,6
X1968,2
X1969,1
X1970,1
X1971,1
X1972,1
X1973,2
X1974,3
X1975,1
X1976,72
X1977,5
X1978,12
X1979,0
X1980,1
X1981,23
X1982,3
X1983,8
X1984,1
X1985,39
X1986,1
X1987,5
X1988,24
X1989,4
X1990,1
X1991,1
X1992,6
X1993,74
X1994,1
X1995,0
X1996,1
X1997,0
X1998,84
X1999,1
X2000,15
X2001,15
X2002,2
X2003,6
X2004,3
X2005,4
X2006,2
X2007,4
X2008,10
X2009,34
X2010,4
X2011,1
X2012,5
X2013,1
X2014,44
X2015,7
X2016,7
X2017,10
X2018,2
X2019,48
X2020,13
X2021,1
X2022,1
X2023,29
X2024,1
X2025,1
X2026,8
X2027,6
X2028,7
X2029,1
X2030,1
X2031,3
X2032,2
X2033,1
X2034,1
X2035,0
X2036,6
X2037,6
X2038,1
X2039,2
X2040,1
X2041,1
X2042,1
X2043,1
X2044,14
X2045,6
X2046,7
X2047,10
X2048,1
X2049,0
X2050,1
X2051,9
X2052,3
X2053,1
X2054,3
X2055,1
X2056,1
X2057,1
X2058,6
X2059,12
X2060,9
X2061,1
X2062,7
X2063,0
X2064,6
X2065,1
X2066,1
X2067,1
X2068,2
X2069,6
X2070,1
X2071,1
X2072,1
X2073,1
X2074,0
X2075,2
X2076,6
X2077,1
X2078,4
X2079,1
X2080,16
X2081,7
X2082,2
X2083,7
X2084,18
X2085,5
X2086,3
X2087,1
X2088,1
X2089,3
X2090,1
X2091,17
X2092,1
X2093,1
X2094,15
X2095,0
X2096,1
X2097,3
X2098,11
X2099,4
X2100,17
X2101,7
X2102,27
X2103,3
X2104,1
X2105,12
X2106,5
X2107,7
X2108,142
X2109,7
X2110,0
X2111,1
X2112,1
X2113,2
X2114,1
X2115,10
X2116,56
X2117,5
X2118,3
X2119,7
X2120,12
X2121,1
X2122,6
X2123,1
X2124,1
X2125,5
X2126,1
X2127,1
X2128,1
X2129,2
X2130,18
X2131,1
X2132,54
X2133,20
X2134,1
X2135,5
X2136,1
X2137,1
X2138,15
X2139,0
X2140,1
X2141,28
X2142,1
X2143,5
X2144,1
X2145,8
X2146,1
X2147,6
X2148,2
X2149,1
X2150,6
X2151,1
X2152,1
X2153,9
X2154,1
X2155,4
X2156,3
X2157,1
X2158,17
X2159,7
X2160,12
X2161,1
X2162,1
X2163,5
X2164,0
X2165,1
X2166,1
X2167,14
X2168,1
X2169,1
X2170,1
X2171,25
X2172,6
X2173,18
X2174,13
X2175,1
X2176,12
X2177,33
X2178,1
X2179,6
X2180,2
X2181,7
X2182,1
X2183,1
X2184,1
X2185,1
X2186,3
X2187,6
X2188,5
X2189,4
X2190,1
X2191,4
X2192,1
X2193,1
X2194,1
X2195,5
X2196,1
X2197,17
X2198,1
X2199,6
X2200,1
X2201,2
X2202,6
X2203,7
X2204,2
X2205,1
X2206,2
X2207,14
X2208,6
X2209,1
X2210,103
X2211,1
X2212,1
X2213,1
X2214,6
X2215,10
X2216,1
X2217,4
X2218,0
X2219,1
X2220,2
X2221,1
X2222,1
X2223,7
X2224,10
X2225,1
X2226,1
X2227,2
X2228,2
X2229,13
X2230,1
X2231,2
X2232,1
X2233,1
X2234,8
X2235,1
X2236,1
X2237,31
X2238,8
X2239,6
X2240,1
X2241,0
X2242,8
X2243,4
X2244,1
X2245,1
X2246,1
X2247,1
X2248,1
X2249,1
X2250,54
X2251,5
X2252,6
X2253,0
X2254,1
X2255,3
X2256,2
X2257,7
X2258,5
X2259,2
X2260,23
X2261,91
X2262,1
X2263,5
X2264,1
X2265,0
X2266,1
X2267,1
X2268,6
X2269,9
X2270,1
X2271,4
X2272,1
X2273,8
X2274,8
X2275,10
X2276,1
X2277,1
X2278,1
X2279,1
X2280,5
X2281,1
X2282,1
X2283,1
X2284,46
X2285,219
X2286,1
X2287,1
X2288,1
X2289,14
X2290,2
X2291,1
X2292,1
X2293,2
X2294,1
X2295,10
X2296,5
X2297,3
X2298,54
X2299,1
X2300,8
X2301,5
X2302,4
X2303,16
X2304,4
X2305,6
X2306,3
X2307,7
X2308,1
X2309,149
X2310,4
X2311,1
X2312,1
X2313,1
X2314,1
X2315,0
X2316,1
X2317,6
X2318,5
X2319,4
X2320,0
X2321,1
X2322,5
X2323,7
X2324,1
X2325,4
X2326,10
X2327,2
X2328,6
X2329,11
X2330,3
X2331,10
X2332,1
X2333,6
X2334,0
X2335,218
X2336,1
X2337,0
X2338,7
X2339,1
X2340,3
X2341,1
X2342,2
X2343,1
X2344,6
X2345,1
X2346,6
X2347,1
X2348,7
X2349,1
X2350,0
X2351,2
X2352,8
X2353,1
X2354,0
X2355,3
X2356,1
X2357,3
X2358,1
X2359,1
X2360,17
X2361,38
X2362,64
X2363,7
X2364,9
X2365,1
X2366,1
X2367,6
X2368,19
X2369,7
X2370,3
X2371,2
X2372,1
X2373,2
X2374,1
X2375,48
X2376,2
X2377,0
X2378,6
X2379,1
X2380,6
X2381,1
X2382,1
X2383,2
X2384,1
X2385,6
X2386,3
X2387,17
X2388,17
X2389,1
X2390,1
X2391,1
X2392,1
X2393,1
X2394,6
X2395,1
X2396,5
X2397,3
X2398,5
X2399,1
X2400,3
X2401,10
X2402,0
X2403,1
X2404,2
X2405,21
X2406,1
X2407,1
X2408,0
X2409,5
X2410,2
X2411,5
X2412,2
X2413,0
X2414,2
X2415,7
X2416,5
X2417,2
X2418,2
X2419,2
X2420,1
X2421,10
X2422,2
X2423,7
X2424,1
X2425,1
X2426,1
X2427,6
X2428,7
X2429,1
X2430,6
X2431,7
X2432,10
X2433,3
X2434,3
X2435,0
X2436,2
X2437,6
X2438,1
X2439,25
X2440,8
X2441,1
X2442,0
X2443,8
X2444,0
X2445,1
X2446,3
X2447,10
X2448,1
X2449,1
X2450,1
X2451,1
X2452,2
X2453,3
X2454,2
X2455,2
X2456,7
X2457,1
X2458,1
X2459,1
X2460,6
X2461,0
X2462,1
X2463,0
X2464,12
X2465,2
X2466,2
X2467,1
X2468,1
X2469,0
X2470,1
X2471,5
X2472,1
X2473,3
X2474,1
X2475,48
X2476,2
X2477,4
X2478,1
X2479,11
X2480,4
X2481,2
X2482,2
X2483,7
X2484,1
X2485,9
X2486,1
X2487,1
X2488,29
X2489,1
X2490,5
X2491,1
X2492,6
X2493,3
X2494,0
X2495,1
X2496,33
X2497,8
X2498,5
X2499,1
X2500,8
X2501,1
X2502,10
X2503,1
X2504,0
X2505,1
X2506,1
X2507,17
X2508,4
X2509,1
X2510,53
X2511,1
X2512,1
X2513,0
X2514,1
X2515,1
X2516,1
X2517,85
X2518,4
X2519,1
X2520,5
X2521,23
X2522,8
X2523,1
X2524,1
X2525,1
X2526,2
X2527,2
X2528,2
X2529,142
X2530,3
X2531,1
X2532,15
X2533,14
X2534,9
X2535,1
X2536,1
X2537,3
X2538,27
X2539,2
X2540,41
X2541,1
X2542,1
X2543,1
X2544,0
X2545,2
X2546,1
X2547,4
X2548,3
X2549,1
X2550,1
X2551,9
X2552,5
X2553,0
X2554,1
X2555,6
X2556,6
X2557,1
X2558,20
X2559,2
X2560,6
X2561,1
X2562,1
X2563,2
X2564,3
X2565,0
X2566,1
X2567,55
X2568,2
X2569,16
X2570,1
X2571,3
X2572,5
X2573,2
X2574,1
X2575,0
X2576,0
X2577,1
X2578,1
X2579,7
X2580,3
X2581,4
X2582,0
X2583,1
X2584,0
X2585,0
X2586,1
X2587,1
X2588,3
X2589,1
X2590,1
X2591,0
X2592,2
X2593,83
X2594,1
X2595,1
X2596,0
X2597,1
X2598,0
X2599,1
X2600,5
X2601,3
X2602,1
X2603,2
X2604,1
X2605,10
X2606,0
X2607,19
X2608,7
X2609,5
X2610,4
X2611,2
X2612,0
X2613,0
X2614,6
X2615,2
X2616,1
X2617,0
X2618,1
X2619,1
X2620,1
X2621,1
X2622,1
X2623,1
X2624,7
X2625,1
X2626,4
X2627,1
X2628,1
X2629,5
X2630,2
X2631,1
X2632,1
X2633,1
X2634,10
X2635,1
X2636,5
X2637,1
X2638,2
X2639,6
X2640,6
X2641,2
X2642,4
X2643,1
X2644,8
X2645,1
X2646,3
X2647,1
X2648,34
X2649,1
X2650,1
X2651,2
X2652,1
X2653,1
X2654,1
X2655,1
X2656,7
X2657,1
X2658,0
X2659,0
X2660,2
X2661,7
X2662,1
X2663,1
X2664,2
X2665,13
X2666,1
X2667,5
X2668,4
X2669,7
X2670,1
X2671,121
X2672,8
X2673,6
X2674,1
X2675,2
X2676,6
X2677,4
X2678,11
X2679,1
X2680,3
X2681,1
X2682,1
X2683,0
X2684,1
X2685,39
X2686,2
X2687,1
X2688,9
X2689,3
X2690,25
X2691,1
X2692,1
X2693,55
X2694,1
X2695,2
X2696,5
X2697,1
X2698,1
X2699,1
X2700,4
X2701,6
X2702,0
X2703,1
X2704,76
X2705,4
X2706,29
X2707,2
X2708,8
X2709,1
X2710,1
X2711,1
X2712,1
X2713,4
X2714,2
X2715,6
X2716,1
X2717,1
X2718,1
X2719,1
X2720,1
X2721,2
X2722,4
X2723,1
X2724,1
X2725,3
X2726,1
X2727,1
X2728,4
X2729,1
X2730,1
X2731,5
X2732,1
X2733,1
X2734,1
X2735,2
X2736,1
X2737,16
X2738,7
X2739,17
X2740,1
X2741,1
X2742,2
X2743,1
X2744,1
X2745,4
X2746,1
X2747,0
X2748,2
X2749,7
X2750,14
X2751,0
X2752,2
X2753,4
X2754,13
X2755,1
X2756,24
X2757,1
X2758,0
X2759,1
X2760,1
X2761,1
X2762,1
X2763,2
X2764,6
X2765,1
X2766,3
X2767,1
X2768,12
X2769,1
X2770,13
X2771,5
X2772,1
X2773,7
X2774,6
X2775,8
X2776,1
X2777,28
X2778,1
X2779,16
X2780,8
X2781,1
X2782,3
X2783,0
X2784,7
X2785,1
X2786,3
X2787,1
X2788,1
X2789,18
X2790,306
X2791,3
X2792,4
X2793,4
X2794,3
X2795,3
X2796,1
X2797,4
X2798,2
X2799,1
X2800,1
X2801,1
X2802,1
X2803,1
X2804,1
X2805,4
X2806,1
X2807,1
X2808,3
X2809,1
X2810,1
X2811,7
X2812,5
X2813,1
X2814,2
X2815,10
X2816,1
X2817,1
X2818,5
X2819,12
X2820,1
X2821,7
X2822,3
X2823,2
X2824,2
X2825,1
X2826,1
X2827,1
X2828,1
X2829,0
X2830,1
X2831,4
X2832,1
X2833,1
X2834,6
X2835,1
X2836,1
X2837,1
X2838,1
X2839,1
X2840,1
X2841,1
X2842,1
X2843,1
X2844,2
X2845,6
X2846,14
X2847,2
X2848,1
X2849,1
X2850,2
X2851,0
X2852,6
X2853,2
X2854,2
X2855,1
X2856,21
X2857,1
X2858,11
X2859,0
X2860,0
X2861,1
X2862,3
X2863,2
X2864,5
X2865,2
X2866,6
X2867,1
X2868,2
X2869,1
X2870,6
X2871,6
X2872,1
X2873,1
X2874,0
X2875,10
X2876,34
X2877,5
X2878,1
X2879,1
X2880,3
X2881,1
X2882,27
X2883,2
X2884,1
X2885,23
X2886,1
X2887,2
X2888,1
X2889,2
X2890,8
X2891,7
X2892,1
X2893,0
X2894,51
X2895,3
X2896,2
X2897,36
X2898,3
X2899,1
X2900,1
X2901,5
X2902,1
X2903,11
X2904,1
X2905,2
X2906,1
X2907,1
X2908,6
X2909,4
X2910,29
X2911,17
X2912,1
X2913,1
X2914,1
X2915,2
X2916,3
X2917,1
X2918,1
X2919,3
X2920,4
X2921,0
X2922,11
X2923,4
X2924,2
X2925,1
X2926,7
X2927,1
X2928,1
X2929,1
X2930,1
X2931,1
X2932,5
X2933,3
X2934,2
X2935,1
X2936,1
X2937,1
X2938,11
X2939,1
X2940,3
X2941,4
X2942,1
X2943,1
X2944,7
X2945,15
X2946,0
X2947,1
X2948,8
X2949,3
X2950,27
X2951,1
X2952,8
X2953,0
X2954,7
X2955,1
X2956,8
X2957,1
X2958,1
X2959,1
X2960,1
X2961,1
X2962,2
X2963,1
X2964,1
X2965,4
X2966,1
X2967,1
X2968,2
X2969,4
X2970,19
X2971,6
X2972,1
X2973,1
X2974,1
X2975,1
X2976,1
X2977,3
X2978,11
X2979,1
X2980,253
X2981,3
X2982,7
X2983,1
X2984,8
X2985,1
X2986,1
X2987,1
X2988,20
X2989,1
X2990,9
X2991,0
X2992,1
X2993,35
X2994,7
X2995,8
X2996,3
X2997,1
X2998,14
X2999,7
X3000,8
X3001,1
X3002,3
X3003,1
X3004,32
X3005,1
X3006,1
X3007,10
X3008,6
X3009,27
X3010,1
X3011,1
X3012,1
X3013,3
X3014,1
X3015,4
X3016,7
X3017,2
X3018,5
X3019,1
X3020,1
X3021,31
X3022,5
X3023,2
X3024,4
X3025,6
X3026,0
X3027,0
X3028,9
X3029,1
X3030,1
X3031,1
X3032,10
X3033,1
X3034,6
X3035,14
X3036,19
X3037,1
X3038,6
X3039,9
X3040,1
X3041,1
X3042,63
X3043,0
X3044,0
X3045,1
X3046,2
X3047,6
X3048,7
X3049,7
X3050,56
X3051,1
X3052,1
X3053,1
X3054,5
X3055,1
X3056,1
X3057,6
X3058,1
X3059,1
X3060,4
X3061,5
X3062,2
X3063,1
X3064,2
X3065,8
X3066,26
X3067,1
X3068,1
X3069,1
X3070,7
X3071,1
X3072,2
X3073,25
X3074,6
X3075,1
X3076,1
X3077,3
X3078,1
X3079,1
X3080,1
X3081,2
X3082,9
X3083,1
X3084,1
X3085,0
X3086,7
X3087,1
X3088,1
X3089,0
X3090,1
X3091,2
X3092,17
X3093,6
X3094,5
X3095,6
X3096,6
X3097,1
X3098,3
X3099,35
X3100,6
X3101,6
X3102,0
X3103,100
X3104,21
X3105,7
X3106,1
X3107,1
X3108,7
X3109,1
X3110,1
X3111,8
X3112,1
X3113,8
X3114,22
X3115,1
X3116,3
X3117,5
X3118,31
X3119,4
X3120,1
X3121,1
X3122,6
X3123,12
X3124,3
X3125,48
X3126,6
X3127,10
X3128,21
X3129,4
X3130,30
X3131,5
X3132,6
X3133,1
X3134,14
X3135,1
X3136,2
X3137,1
X3138,58
X3139,4
X3140,2
X3141,69
X3142,29
X3143,6
X3144,1
X3145,3
X3146,4
X3147,1
X3148,6
X3149,1
X3150,1
X3151,1
X3152,4
X3153,1
X3154,27
X3155,1
X3156,2
X3157,23
X3158,2
X3159,2
X3160,7
X3161,1
X3162,4
X3163,1
X3164,1
X3165,16
X3166,10
X3167,97
X3168,11
X3169,3
X3170,1
X3171,7
X3172,1
X3173,1
X3174,0
X3175,2
X3176,1
X3177,3
X3178,0
X3179,6
X3180,13
X3181,18
X3182,315
X3183,7
X3184,3
X3185,1
X3186,1
X3187,21
X3188,3
X3189,165
X3190,3
X3191,5
X3192,1
X3193,2
X3194,0
X3195,6
X3196,7
X3197,9
X3198,17
X3199,1
X3200,3
X3201,4
X3202,8
X3203,1
X3204,0
X3205,1
X3206,3
X3207,4
X3208,37
X3209,2
X3210,1
X3211,0
X3212,36
X3213,22
X3214,1
X3215,1
X3216,4
X3217,6
X3218,6
X3219,1
X3220,1
X3221,1
X3222,6
X3223,36
X3224,1
X3225,5
X3226,3
X3227,5
X3228,1
X3229,1
X3230,0
X3231,2
X3232,7
X3233,1
X3234,4
X3235,1
X3236,1
X3237,1
X3238,1
X3239,1
X3240,5
X3241,7
X3242,1
X3243,1
X3244,1
X3245,1
X3246,12
X3247,7
X3248,1
X3249,1
X3250,4
X3251,6
X3252,2
X3253,4
X3254,2
X3255,1
X3256,6
X3257,1
X3258,1
X3259,1
X3260,6
X3261,7
X3262,32
X3263,2
X3264,1
X3265,1
X3266,4
X3267,21
X3268,1
X3269,6
X3270,7
X3271,21
X3272,3
X3273,3
X3274,14
X3275,11
X3276,1
X3277,3
X3278,1
X3279,4
X3280,2
X3281,1
X3282,1
X3283,7
X3284,1
X3285,6
X3286,6
X3287,1
X3288,4
X3289,0
X3290,1
X3291,7
X3292,6
X3293,18
X3294,14
X3295,0
X3296,2
X3297,1
X3298,1
X3299,6
X3300,2
X3301,1
X3302,1
X3303,6
X3304,13
X3305,1
X3306,14
X3307,10
X3308,3
X3309,1
X3310,5
X3311,1
X3312,1
X3313,1
X3314,1
X3315,3
X3316,1
X3317,1
X3318,21
X3319,1
X3320,17
X3321,1
X3322,19
X3323,7
X3324,11
X3325,6
X3326,1
X3327,16
X3328,2
X3329,1
X3330,216
X3331,1
X3332,1
X3333,3
X3334,1
X3335,1
X3336,34
X3337,5
X3338,2
X3339,1
X3340,10
X3341,3
X3342,1
X3343,1
X3344,1
X3345,1
X3346,1
X3347,1
X3348,3
X3349,1
X3350,3
X3351,1
X3352,1
X3353,27
X3354,1
X3355,0
X3356,50
X3357,1
X3358,23
X3359,1
X3360,1
X3361,2
X3362,129
X3363,1
X3364,1
X3365,3
X3366,7
X3367,21
X3368,3
X3369,1
X3370,4
X3371,5
X3372,1
X3373,2
X3374,1
X3375,1
X3376,6
X3377,1
X3378,6
X3379,3
X3380,14
X3381,6
X3382,2
X3383,2
X3384,1
X3385,4
X3386,7
X3387,0
X3388,1
X3389,3
X3390,1
X3391,28
X3392,1
X3393,1
X3394,1
X3395,1
X3396,1
X3397,5
X3398,8
X3399,6
X3400,1
X3401,1
X3402,14
X3403,7
X3404,5
X3405,1
X3406,1
X3407,8
X3408,9
X3409,1
X3410,2
X3411,7
X3412,1
X3413,2
X3414,4
X3415,8
X3416,0
X3417,34
X3418,1
X3419,6
X3420,1
X3421,14
X3422,1
X3423,13
X3424,1
X3425,2
X3426,8
X3427,13
X3428,1
X3429,1
X3430,71
X3431,0
X3432,1
X3433,25
X3434,1
X3435,6
X3436,28
X3437,6
X3438,20
X3439,0
X3440,13
X3441,1
X3442,5
X3443,3
X3444,1
X3445,1
X3446,3
X3447,1
X3448,1
X3449,12
X3450,2
X3451,1
X3452,4
X3453,24
X3454,6
X3455,13
X3456,3
X3457,4
X3458,1
X3459,2
X3460,1
X3461,2
X3462,1
X3463,1
X3464,3
X3465,0
X3466,1
X3467,10
X3468,9
X3469,1
X3470,5
X3471,4
X3472,0
X3473,1
X3474,2
X3475,5
X3476,7
X3477,1
X3478,1
X3479,1
X3480,2
X3481,1
X3482,1
X3483,15
X3484,7
X3485,5
X3486,1
X3487,4
X3488,68
X3489,1
X3490,6
X3491,2
X3492,2
X3493,6
X3494,0
X3495,18
X3496,1
X3497,1
X3498,18
X3499,0
X3500,31
X3501,6
X3502,3
X3503,1
X3504,1
X3505,1
X3506,7
X3507,1
X3508,50
X3509,7
X3510,33
X3511,1
X3512,1
X3513,2
X3514,1
X3515,1
X3516,14
X3517,0
X3518,3
X3519,2
X3520,1
X3521,0
X3522,10
X3523,1
X3524,1
X3525,1
X3526,1
X3527,6
X3528,1
X3529,33
X3530,9
X3531,6
X3532,6
X3533,1
X3534,11
X3535,5
X3536,1
X3537,6
X3538,3
X3539,4
X3540,31
X3541,1
X3542,1
X3543,1
X3544,15
X3545,6
X3546,1
X3547,0
X3548,1
X3549,1
X3550,1
X3551,1
X3552,1
X3553,9
X3554,74
X3555,0
X3556,6
X3557,0
X3558,1
X3559,2
X3560,2
X3561,3
X3562,1
X3563,3
X3564,118
X3565,2
X3566,2
X3567,1
X3568,1
X3569,2
X3570,0
X3571,39
X3572,2
X3573,1
X3574,4
X3575,1
X3576,1
X3577,9
X3578,1
X3579,0
X3580,5
X3581,5
X3582,1
X3583,1
X3584,1
X3585,2
X3586,1
X3587,1
X3588,3
X3589,13
X3590,1
X3591,0
X3592,0
X3593,4
X3594,1
X3595,1
X3596,3
X3597,1
X3598,1
X3599,1
X3600,6
X3601,7
X3602,10
X3603,1
X3604,22
X3605,6
X3606,2
X3607,2
X3608,54
X3609,1
X3610,5
X3611,0
X3612,1
X3613,6
X3614,1
X3615,3
X3616,1
X3617,1
X3618,1
X3619,31
X3620,3
X3621,18
X3622,1
X3623,127
X3624,0
X3625,3
X3626,8
X3627,1
X3628,1
X3629,2
X3630,6
X3631,8
X3632,8
X3633,8
X3634,0
X3635,1
X3636,1
X3637,1
X3638,7
X3639,1
X3640,20
X3641,3
X3642,2
X3643,1
X3644,5
X3645,9
X3646,0
X3647,2
X3648,6
X3649,2
X3650,1
X3651,7
X3652,3
X3653,5
X3654,18
X3655,17
X3656,0
X3657,6
X3658,2
X3659,8
X3660,3
X3661,6
X3662,4
X3663,6
X3664,1
X3665,3
X3666,2
X3667,1
X3668,7
X3669,8
X3670,2
X3671,1
X3672,1
X3673,9
X3674,12
X3675,3
X3676,6
X3677,1
X3678,6
X3679,13
X3680,1
X3681,3
X3682,5
X3683,1
X3684,4
X3685,1
X3686,1
X3687,1
X3688,1
X3689,1
X3690,1
X3691,1
X3692,8
X3693,2
X3694,4
X3695,12
X3696,1
X3697,2
X3698,8
X3699,147
X3700,3
X3701,4
X3702,4
X3703,7
X3704,5
X3705,1
X3706,10
X3707,1
X3708,36
X3709,3
X3710,2
X3711,10
X3712,2
X3713,1
X3714,1
X3715,7
X3716,61
X3717,7
X3718,9
X3719,7
X3720,1
X3721,6
X3722,1
X3723,10
X3724,6
X3725,6
X3726,1
X3727,3
X3728,1
X3729,12
X3730,11
X3731,1
X3732,1
X3733,21
X3734,1
X3735,1
X3736,42
X3737,1
X3738,8
X3739,1
X3740,8
X3741,4
X3742,1
X3743,1
X3744,1
X3745,6
X3746,1
X3747,0
X3748,70
X3749,8
X3750,1
X3751,3
X3752,5
X3753,1
X3754,1
X3755,48
X3756,1
X3757,4
X3758,1
X3759,5
X3760,4
X3761,1
X3762,1
X3763,44
X3764,1
X3765,1
X3766,1
X3767,0
X3768,1
X3769,1
X3770,3
X3771,8
X3772,4
X3773,31
X3774,2
X3775,2
X3776,2
X3777,1
X3778,1
X3779,0
X3780,3
X3781,1
X3782,7
X3783,2
X3784,6
X3785,21
X3786,6
X3787,7
X3788,1
X3789,2
X3790,6
X3791,1
X3792,6
X3793,6
X3794,1
X3795,1
X3796,0
X3797,1
X3798,7
X3799,1
X3800,3
X3801,1
X3802,1
X3803,8
X3804,1
X3805,1
X3806,1
X3807,2
X3808,4
X3809,7
X3810,1
X3811,18
X3812,3
X3813,8
X3814,1
X3815,1
X3816,1
X3817,1
X3818,6
X3819,1
X3820,3
X3821,2
X3822,2
X3823,1
X3824,0
X3825,1
X3826,1
X3827,1
X3828,9
X3829,19
X3830,3
X3831,8
X3832,1
X3833,3
X3834,1
X3835,1
X3836,1
X3837,24
X3838,1
X3839,1
X3840,2
X3841,18
X3842,0
X3843,1
X3844,6
X3845,3
X3846,1
X3847,1
X3848,56
X3849,2
X3850,1
X3851,7
X3852,3
X3853,3
X3854,9
X3855,2
X3856,1
X3857,3
X3858,1
X3859,0
X3860,1
X3861,2
X3862,1
X3863,1
X3864,5
X3865,3
X3866,5
X3867,3
X3868,1
X3869,1
X3870,2
X3871,0
X3872,1
X3873,10
X3874,1
X3875,3
X3876,7
X3877,7
X3878,1
X3879,3
X3880,1
X3881,5
X3882,1
X3883,1
X3884,7
X3885,18
X3886,1
X3887,1
X3888,6
X3889,1
X3890,6
X3891,1
X3892,4
X3893,6
X3894,3
X3895,1
X3896,1
X3897,13
X3898,1
X3899,1
X3900,1
X3901,1
X3902,6
X3903,6
X3904,1
X3905,4
X3906,1
X3907,1
X3908,1
X3909,3
X3910,2
X3911,2
X3912,1
X3913,25
X3914,3
X3915,1
X3916,21
X3917,1
X3918,6
X3919,5
X3920,6
X3921,6
X3922,1
X3923,7
X3924,1
X3925,1
X3926,3
X3927,7
X3928,2
X3929,1
X3930,1
X3931,3
X3932,1
X3933,2
X3934,17
X3935,7
X3936,5
X3937,1
X3938,64
X3939,1
X3940,20
X3941,3
X3942,2
X3943,1
X3944,7
X3945,18
X3946,1
X3947,5
X3948,1
X3949,2
X3950,3
X3951,1
X3952,4
X3953,1
X3954,9
X3955,39
X3956,7
X3957,1
X3958,2
X3959,6
X3960,1
X3961,135
X3962,2
X3963,0
X3964,1
X3965,17
X3966,0
X3967,2
X3968,1
X3969,1
X3970,1
X3971,17
X3972,1
X3973,6
X3974,8
X3975,9
X3976,1
X3977,0
X3978,3
X3979,2
X3980,1
X3981,6
X3982,0
X3983,2
X3984,6
X3985,5
X3986,1
X3987,1
X3988,1
X3989,7
X3990,1
X3991,1
X3992,8
X3993,3
X3994,1
X3995,1
X3996,15
X3997,1
X3998,1
X3999,0
X4000,51
X4001,0
X4002,11
X4003,71
X4004,21
X4005,1
X4006,0
X4007,2
X4008,1
X4009,1
X4010,1
X4011,0
X4012,1
X4013,3
X4014,5
X4015,1
X4016,1
X4017,0
X4018,2
X4019,10
X4020,1
X4021,74
X4022,3
X4023,1
X4024,39
X4025,3
X4026,1
X4027,5
X4028,2
X4029,1
X4030,1
X4031,19
X4032,1
X4033,3
X4034,7
X4035,1
X4036,1
X4037,2
X4038,5
X4039,2
X4040,6
X4041,1
X4042,2
X4043,5
X4044,2
X4045,10
X4046,1
X4047,244
X4048,1
X4049,1
X4050,1
X4051,0
X4052,5
X4053,1
X4054,1
X4055,9
X4056,1
X4057,8
X4058,1
X4059,2
X4060,2
X4061,2
X4062,1
X4063,1
X4064,26
X4065,6
X4066,2
X4067,1
X4068,1
X4069,2
X4070,7
X4071,3
X4072,6
X4073,1
X4074,30
X4075,9
X4076,0
X4077,1
X4078,1
X4079,1
X4080,1
X4081,1
X4082,1
X4083,12
X4084,1
X4085,16
X4086,1
X4087,14
X4088,2
X4089,1
X4090,24
X4091,4
X4092,2
X4093,0
X4094,5
X4095,4
X4096,40
X4097,2
X4098,0
X4099,7
X4100,16
X4101,5
X4102,6
X4103,4
X4104,0
X4105,1
X4106,6
X4107,6
X4108,1
X4109,7
X4110,13
X4111,1
X4112,2
X4113,1
X4114,4
X4115,1
X4116,2
X4117,54
X4118,1
X4119,3
X4120,4
X4121,1
X4122,1
X4123,1
X4124,2
X4125,5
X4126,1
X4127,3
X4128,6
X4129,0
X4130,2
X4131,1
X4132,4
X4133,6
X4134,1
X4135,5
X4136,1
X4137,12
X4138,1
X4139,2
X4140,1
X4141,0
X4142,16
X4143,1
X4144,1
X4145,150
X4146,6
X4147,0
X4148,2
X4149,1
X4150,5
X4151,1
X4152,9
X4153,6
X4154,2
X4155,1
X4156,6
X4157,4
X4158,2
X4159,2
X4160,1
X4161,5
X4162,0
X4163,2
X4164,2
X4165,1
X4166,33
X4167,1
X4168,6
X4169,1
X4170,1
X4171,20
X4172,6
X4173,4
X4174,13
X4175,4
X4176,1
X4177,9
X4178,7
X4179,0
X4180,7
X4181,3
X4182,49
X4183,1
X4184,2
X4185,11
X4186,1
X4187,0
X4188,15
X4189,3
X4190,2
X4191,2
X4192,6
X4193,4
X4194,1
X4195,6
X4196,14
X4197,5
X4198,6
X4199,1
X4200,5
X4201,1
X4202,3
X4203,1
X4204,36
X4205,1
X4206,1
X4207,2
X4208,3
X4209,6
X4210,1
X4211,0
X4212,8
X4213,0
X4214,0
X4215,21
X4216,15
X4217,1
X4218,39
X4219,2
X4220,1
X4221,8
X4222,39
X4223,1
X4224,4
X4225,1
X4226,1
X4227,2
X4228,3
X4229,3
X4230,18
X4231,1
X4232,8
X4233,6
X4234,8
X4235,1
X4236,5
X4237,3
X4238,2
X4239,1
X4240,0
X4241,1
X4242,4
X4243,124
X4244,6
X4245,5
X4246,1
X4247,6
X4248,1
X4249,1
X4250,4
X4251,4
X4252,0
X4253,1
X4254,44
X4255,3
X4256,6
X4257,23
X4258,1
X4259,1
X4260,4
X4261,1
X4262,0
X4263,4
X4264,5
X4265,1
X4266,2
X4267,1
X4268,0
X4269,1
X4270,1
X4271,48
X4272,1
X4273,2
X4274,7
X4275,4
X4276,8
X4277,1
X4278,29
X4279,1
X4280,5
X4281,2
X4282,1
X4283,1
X4284,1
X4285,1
X4286,3
X4287,2
X4288,1
X4289,1
X4290,7
X4291,161
X4292,7
X4293,1
X4294,2
X4295,3
X4296,1
X4297,1
X4298,1
X4299,3
X4300,3
X4301,6
X4302,6
X4303,1
X4304,6
X4305,1
X4306,60
X4307,0
X4308,1
X4309,1
X4310,1
X4311,1
X4312,64
X4313,2
X4314,22
X4315,6
X4316,7
X4317,3
X4318,3
X4319,2
X4320,3
X4321,2
X4322,0
X4323,2
X4324,3
X4325,1
X4326,1
X4327,1
X4328,4
X4329,1
X4330,1
X4331,1
X4332,1
X4333,4
X4334,1
X4335,1
X4336,0
X4337,2
X4338,2
X4339,8
X4340,1
X4341,1
X4342,0
X4343,153
X4344,2
X4345,39
X4346,1
X4347,6
X4348,33
X4349,3
X4350,1
X4351,7
X4352,1
X4353,2
X4354,1
X4355,6
X4356,3
X4357,14
X4358,1
X4359,5
X4360,1
X4361,13
X4362,1
X4363,6
X4364,5
X4365,1
X4366,6
X4367,1
X4368,1
X4369,1
X4370,1
X4371,14
X4372,2
X4373,0
X4374,0
X4375,3
X4376,22
X4377,2
X4378,1
X4379,1
X4380,0
X4381,3
X4382,1
X4383,2
X4384,4
X4385,1
X4386,1
X4387,9
X4388,5
X4389,6
X4390,3
X4391,0
X4392,1
X4393,2
X4394,0
X4395,0
X4396,0
X4397,2
X4398,1
X4399,1
X4400,6
X4401,7
X4402,1
X4403,1
X4404,23
X4405,3
X4406,2
X4407,1
X4408,3
X4409,4
X4410,28
X4411,3
X4412,1
X4413,2
X4414,1
X4415,2
X4416,2
X4417,15
X4418,1
X4419,1
X4420,1
X4421,1
X4422,26
X4423,6
X4424,1
X4425,1
X4426,5
X4427,23
X4428,30
X4429,3
X4430,1
X4431,0
X4432,1
X4433,1
X4434,1
X4435,1
X4436,3
X4437,5
X4438,4
X4439,1
X4440,5
X4441,1
X4442,4
X4443,19
X4444,1
X4445,2
X4446,6
X4447,4
X4448,3
X4449,1
X4450,8
X4451,10
X4452,1
X4453,1
X4454,9
X4455,2
X4456,1
X4457,1
X4458,2
X4459,7
X4460,1
X4461,1
X4462,2
X4463,3
X4464,3
X4465,1
X4466,2
X4467,6
X4468,6
X4469,5
X4470,6
X4471,1
X4472,26
X4473,1
X4474,4
X4475,1
X4476,0
X4477,2
X4478,1
X4479,20
X4480,7
X4481,6
X4482,5
X4483,3
X4484,6
X4485,5
X4486,4
X4487,1
X4488,1
X4489,14
X4490,9
X4491,1
X4492,1
X4493,5
X4494,75
X4495,6
X4496,1
X4497,3
X4498,1
X4499,1
X4500,1
X4501,1
X4502,28
X4503,3
X4504,1
X4505,10
X4506,1
X4507,34
X4508,1
X4509,0
X4510,5
X4511,3
X4512,3
X4513,2
X4514,1
X4515,1
X4516,5
X4517,4
X4518,0
X4519,23
X4520,0
X4521,3
X4522,7
X4523,35
X4524,1
X4525,77
X4526,33
X4527,1
X4528,1
X4529,0
X4530,1
X4531,1
X4532,1
X4533,2
X4534,1
X4535,1
X4536,2
X4537,1
X4538,0
X4539,1
X4540,0
X4541,1
X4542,1
X4543,1
X4544,1
X4545,7
X4546,2
X4547,1
X4548,14
X4549,3
X4550,3
X4551,12
X4552,1
X4553,1
X4554,1
X4555,1
X4556,3
X4557,2
X4558,6
X4559,3
X4560,1
X4561,1
X4562,2
X4563,1
X4564,9
X4565,5
X4566,1
X4567,0
X4568,3
X4569,1
X4570,1
X4571,1
X4572,2
X4573,1
X4574,1
X4575,1
X4576,0
X4577,7
X4578,92
X4579,11
X4580,5
X4581,1
X4582,7
X4583,2
X4584,2
X4585,1
X4586,1
X4587,1
X4588,55
X4589,2
X4590,1
X4591,1
X4592,6
X4593,1
X4594,5
X4595,1
X4596,0
X4597,1
X4598,1
X4599,1
X4600,1
X4601,1
X4602,10
X4603,1
X4604,0
X4605,3
X4606,2
X4607,14
X4608,1
X4609,11
X4610,0
X4611,4
X4612,1
X4613,1
X4614,1
X4615,5
X4616,0
X4617,1
X4618,0
X4619,4
X4620,1
X4621,6
X4622,1
X4623,1
X4624,7
X4625,1
X4626,6
X4627,33
X4628,1
X4629,1
X4630,1
X4631,1
X4632,2
X4633,4
X4634,8
X4635,7
X4636,1
X4637,1
X4638,3
X4639,1
X4640,16
X4641,39
X4642,1
X4643,3
X4644,14
X4645,1
X4646,7
X4647,1
X4648,2
X4649,51
X4650,3
X4651,1
X4652,14
X4653,5
X4654,1
X4655,3
X4656,1
X4657,25
X4658,10
X4659,16
X4660,1
X4661,1
X4662,6
X4663,1
X4664,1
X4665,2
X4666,1
X4667,5
X4668,36
X4669,4
X4670,1
X4671,6
X4672,2
X4673,1
X4674,1
X4675,2
X4676,1
X4677,2
X4678,1
X4679,1
X4680,21
X4681,1
X4682,6
X4683,1
X4684,1
X4685,4
X4686,1
X4687,1
X4688,10
X4689,151
X4690,7
X4691,176
X4692,1
X4693,53
X4694,1
X4695,1
X4696,2
X4697,14
X4698,7
X4699,5
X4700,1
X4701,1
X4702,12
X4703,7
X4704,1
X4705,4
X4706,1
X4707,8
X4708,2
X4709,9
X4710,0
X4711,4
X4712,6
X4713,3
X4714,11
X4715,2
X4716,60
X4717,3
X4718,4
X4719,3
X4720,1
X4721,5
X4722,1
X4723,1
X4724,2
X4725,6
X4726,8
X4727,17
X4728,1
X4729,17
X4730,4
X4731,31
X4732,9
X4733,57
X4734,1
X4735,18
X4736,2
X4737,1
X4738,0
X4739,1
X4740,0
X4741,1
X4742,22
X4743,6
X4744,1
X4745,1
X4746,3
X4747,1
X4748,4
X4749,1
X4750,1
X4751,1
X4752,1
X4753,5
X4754,2
X4755,64
X4756,3
X4757,1
X4758,1
X4759,1
X4760,5
X4761,1
X4762,2
X4763,1
X4764,2
X4765,0
X4766,3
X4767,3
X4768,1
X4769,18
X4770,0
X4771,3
X4772,1
X4773,2
X4774,4
X4775,4
X4776,6
X4777,1
X4778,10
X4779,5
X4780,2
X4781,0
X4782,10
X4783,3
X4784,0
X4785,32
X4786,3
X4787,3
X4788,2
X4789,1
X4790,3
X4791,1
X4792,11
X4793,1
X4794,1
X4795,6
X4796,1
X4797,1
X4798,3
X4799,3
X4800,2
X4801,5
X4802,1
X4803,0
X4804,1
X4805,1
X4806,3
X4807,6
X4808,0
X4809,3
X4810,1
X4811,12
X4812,1
X4813,13
X4814,1
X4815,1
X4816,47
X4817,7
X4818,4
X4819,7
X4820,5
X4821,11
X4822,2
X4823,1
X4824,9
X4825,7
X4826,10
X4827,14
X4828,41
X4829,1
X4830,1
X4831,1
X4832,1
X4833,1
X4834,0
X4835,1
X4836,1
X4837,14
X4838,14
X4839,3
X4840,14
X4841,1
X4842,45
X4843,4
X4844,7
X4845,19
X4846,2
X4847,5
X4848,1
X4849,5
X4850,1
X4851,8
X4852,0
X4853,0
X4854,1
X4855,10
X4856,3
X4857,8
X4858,8
X4859,3
X4860,1
X4861,4
X4862,4
X4863,2
X4864,1
X4865,8
X4866,3
X4867,10
X4868,12
X4869,13
X4870,8
X4871,15
X4872,1
X4873,11
X4874,2
X4875,1
X4876,0
X4877,1
X4878,23
X4879,0
X4880,2
X4881,6
X4882,3
X4883,1
X4884,14
X4885,1
X4886,5
X4887,1
X4888,7
X4889,1
X4890,52
X4891,1
X4892,1
X4893,9
X4894,1
X4895,2
X4896,1
X4897,6
X4898,18
X4899,1
X4900,2
X4901,14
X4902,4
X4903,1
X4904,1
X4905,1
X4906,1
X4907,5
X4908,0
X4909,5
X4910,0
X4911,1
X4912,6
X4913,1
X4914,1
X4915,1
X4916,1
X4917,4
X4918,1
X4919,1
X4920,1
X4921,13
X4922,3
X4923,1
X4924,1
X4925,3
X4926,2
X4927,42
X4928,2
X4929,10
X4930,8
X4931,1
X4932,1
X4933,0
X4934,2
X4935,12
X4936,1
X4937,3
X4938,27
X4939,7
X4940,4
X4941,1
X4942,3
X4943,6
X4944,1
X4945,1
X4946,2
X4947,1
X4948,63
X4949,4
X4950,1
X4951,1
X4952,1
X4953,2
X4954,41
X4955,6
X4956,6
X4957,7
X4958,1
X4959,11
X4960,4
X4961,1
X4962,0
X4963,2
X4964,6
X4965,6
X4966,6
X4967,6
X4968,1
X4969,7
X4970,1
X4971,1
X4972,1
X4973,3
X4974,1
X4975,19
X4976,1
X4977,1
X4978,19
X4979,0
X4980,1
X4981,0
X4982,1
X4983,6
X4984,1
X4985,1
X4986,3
X4987,1
X4988,6
X4989,1
X4990,4
X4991,1
X4992,155
X4993,1
X4994,1
X4995,7
X4996,4
X4997,5
X4998,16
X4999,21
X5000,1
X5001,6
X5002,2
X5003,1
X5004,1
X5005,1
X5006,1
X5007,3
X5008,3
X5009,1
X5010,10
X5011,1
X5012,1
X5013,0
X5014,1
X5015,1
X5016,1
X5017,1
X5018,0
X5019,14
X5020,1
X5021,8
X5022,2
X5023,1
X5024,1
X5025,1
X5026,10
X5027,3
X5028,3
X5029,1
X5030,18
X5031,0
X5032,156
X5033,14
X5034,8
X5035,4
X5036,0
X5037,19
X5038,1
X5039,1
X5040,1
X5041,7
X5042,10
X5043,8
X5044,47
X5045,7
X5046,6
X5047,2
X5048,4
X5049,7
X5050,14
X5051,1
X5052,3
X5053,2
X5054,92
X5055,1
X5056,1
X5057,1
X5058,1
X5059,53
X5060,12
X5061,2
X5062,6
X5063,5
X5064,6
X5065,1
X5066,24
X5067,5
X5068,1
X5069,5
X5070,0
X5071,10
X5072,7
X5073,1
X5074,2
X5075,9
X5076,2
X5077,0
X5078,2
X5079,5
X5080,1
X5081,2
X5082,7
X5083,1
X5084,1
X5085,6
X5086,1
X5087,1
X5088,1
X5089,3
X5090,1
X5091,1
X5092,7
X5093,3
X5094,2
X5095,6
X5096,1
X5097,1
X5098,1
X5099,0
X5100,4
X5101,1
X5102,6
X5103,7
X5104,4
X5105,9
X5106,1
X5107,3
X5108,1
X5109,4
X5110,4
X5111,1
X5112,5
X5113,7
X5114,6
X5115,1
X5116,12
X5117,1
X5118,1
X5119,1
X5120,5
X5121,60
X5122,1
X5123,1
X5124,1
X5125,3
X5126,6
X5127,1
X5128,1
X5129,2
X5130,5
X5131,1
X5132,29
X5133,5
X5134,16
X5135,1
X5136,1
X5137,34
X5138,1
X5139,35
X5140,7
X5141,28
X5142,14
X5143,0
X5144,2
X5145,1
X5146,0
X5147,3
X5148,1
X5149,1
X5150,2
X5151,1
X5152,2
X5153,1
X5154,1
X5155,4
X5156,3
X5157,2
X5158,1
X5159,1
X5160,23
X5161,3
X5162,1
X5163,10
X5164,8
X5165,25
X5166,1
X5167,37
X5168,1
X5169,3
X5170,2
X5171,8
X5172,1
X5173,3
X5174,21
X5175,28
X5176,3
X5177,3
X5178,0
X5179,1
X5180,8
X5181,1
X5182,32
X5183,10
X5184,5
X5185,3
X5186,1
X5187,5
X5188,7
X5189,3
X5190,1
X5191,1
X5192,5
X5193,28
X5194,3
X5195,1
X5196,1
X5197,1
X5198,3
X5199,1
X5200,11
X5201,1
X5202,2
X5203,8
X5204,1
X5205,1
X5206,15
X5207,8
X5208,1
X5209,1
X5210,7
X5211,1
X5212,3
X5213,8
X5214,0
X5215,6
X5216,2
X5217,1
X5218,0
X5219,4
X5220,85
X5221,2
X5222,2
X5223,1
X5224,8
X5225,7
X5226,14
X5227,19
X5228,1
X5229,1
X5230,1
X5231,6
X5232,14
X5233,3
X5234,3
X5235,6
X5236,3
X5237,1
X5238,1
X5239,5
X5240,11
X5241,1
X5242,0
X5243,11
X5244,1
X5245,13
X5246,9
X5247,5
X5248,17
X5249,4
X5250,0
X5251,7
X5252,34
X5253,2
X5254,2
X5255,28
X5256,1
X5257,12
X5258,1
X5259,4
X5260,0
X5261,3
X5262,3
X5263,7
X5264,1
X5265,1
X5266,1
X5267,1
X5268,15
X5269,1
X5270,13
X5271,11
X5272,6
X5273,1
X5274,16
X5275,5
X5276,10
X5277,1
X5278,2
X5279,4
X5280,1
X5281,0
X5282,5
X5283,0
X5284,10
X5285,20
X5286,21
X5287,13
X5288,2
X5289,2
X5290,8
X5291,1
X5292,1
X5293,1
X5294,21
X5295,3
X5296,1
X5297,2
X5298,1
X5299,6
X5300,7
X5301,22
X5302,1
X5303,1
X5304,3
X5305,1
X5306,6
X5307,7
X5308,1
X5309,2
X5310,1
X5311,1
X5312,1
X5313,2
X5314,1
X5315,6
X5316,2
X5317,6
X5318,1
X5319,1
X5320,1
X5321,7
X5322,3
X5323,6
X5324,2
X5325,4
X5326,1
X5327,11
X5328,1
X5329,16
X5330,9
X5331,2
X5332,2
X5333,1
X5334,1
X5335,0
X5336,4
X5337,1
X5338,6
X5339,1
X5340,3
X5341,1
X5342,1
X5343,5
X5344,18
X5345,15
X5346,2
X5347,2
X5348,23
X5349,5
X5350,1
X5351,0
X5352,5
X5353,9
X5354,1
X5355,0
X5356,5
X5357,1
X5358,1
X5359,2
X5360,1
X5361,1
X5362,2
X5363,6
X5364,0
X5365,1
X5366,7
X5367,0
X5368,5
X5369,1
X5370,1
X5371,1
X5372,6
X5373,3
X5374,17
X5375,1
X5376,1
X5377,1
X5378,1
X5379,4
X5380,5
X5381,3
X5382,19
X5383,17
X5384,3
X5385,1
X5386,1
X5387,3
X5388,0
X5389,48
X5390,18
X5391,1
X5392,1
X5393,1
X5394,1
X5395,2
X5396,306
X5397,2
X5398,3
X5399,2
X5400,3
X5401,3
X5402,1
X5403,11
X5404,20
X5405,1
X5406,1
X5407,1
X5408,20
X5409,65
X5410,1
X5411,1
X5412,40
X5413,2
X5414,5
X5415,1
X5416,6
X5417,2
X5418,5
X5419,11
X5420,2
X5421,6
X5422,3
X5423,3
X5424,2
X5425,6
X5426,2
X5427,1
X5428,2
X5429,1
X5430,3
X5431,1
X5432,1
X5433,1
X5434,9
X5435,4
X5436,0
X5437,1
X5438,1
X5439,14
X5440,3
X5441,14
X5442,8
X5443,5
X5444,3
X5445,2
X5446,1
X5447,1
X5448,74
X5449,1
X5450,6
X5451,1
X5452,6
X5453,3
X5454,6
X5455,1
X5456,1
X5457,0
X5458,1
X5459,1
X5460,7
X5461,14
X5462,1
X5463,19
X5464,0
X5465,3
X5466,33
X5467,7
X5468,0
X5469,1
X5470,4
X5471,1
X5472,3
X5473,1
X5474,0
X5475,1
X5476,5
X5477,1
X5478,1
X5479,1
X5480,4
X5481,1
X5482,11
X5483,1
X5484,3
X5485,1
X5486,32
X5487,1
X5488,5
X5489,23
X5490,4
X5491,10
X5492,5
X5493,1
X5494,1
X5495,1
X5496,1
X5497,0
X5498,0
X5499,15
X5500,31
X5501,1
X5502,0
X5503,2
X5504,5
X5505,1
X5506,1
X5507,0
X5508,1
X5509,3
X5510,1
X5511,1
X5512,35
X5513,3
X5514,1
X5515,1
X5516,6
X5517,2
X5518,1
X5519,5
X5520,1
X5521,2
X5522,1
X5523,20
X5524,1
X5525,12
X5526,1
X5527,4
X5528,1
X5529,38
X5530,5
X5531,3
X5532,3
X5533,30
X5534,17
X5535,18
X5536,9
X5537,0
X5538,1
X5539,1
X5540,2
X5541,6
X5542,4
X5543,7
X5544,10
X5545,1
X5546,3
X5547,4
X5548,31
X5549,1
X5550,6
X5551,2
X5552,1
X5553,2
X5554,1
X5555,0
X5556,1
X5557,1
X5558,17
X5559,3
X5560,1
X5561,2
X5562,2
X5563,3
X5564,2
X5565,0
X5566,7
X5567,1
X5568,1
X5569,1
X5570,1
X5571,9
X5572,14
X5573,2
X5574,3
X5575,9
X5576,12
X5577,1
X5578,1
X5579,4
X5580,5
X5581,7
X5582,1
X5583,0
X5584,4
X5585,8
X5586,8
X5587,4
X5588,27
X5589,4
X5590,38
X5591,5
X5592,1
X5593,0
X5594,1
X5595,1
X5596,7
X5597,1
X5598,1
X5599,1
X5600,35
X5601,1
X5602,39
X5603,2
X5604,3
X5605,282
X5606,6
X5607,10
X5608,3
X5609,1
X5610,6
X5611,1
X5612,2
X5613,5
X5614,2
X5615,1
X5616,1
X5617,3
X5618,7
X5619,2
X5620,7
X5621,8
X5622,1
X5623,3
X5624,2
X5625,66
X5626,3
X5627,3
X5628,1
X5629,6
X5630,1
X5631,4
X5632,1
X5633,0
X5634,7
X5635,7
X5636,1
X5637,2
X5638,1
X5639,2
X5640,4
X5641,1
X5642,3
X5643,1
X5644,1
X5645,1
X5646,1
X5647,1
X5648,105
X5649,1
X5650,1
X5651,1
X5652,1
X5653,54
X5654,3
X5655,0
X5656,4
X5657,2
X5658,13
X5659,1
X5660,5
X5661,2
X5662,1
X5663,1
X5664,6
X5665,5
X5666,1
X5667,12
X5668,1
X5669,1
X5670,1
X5671,1
X5672,7
X5673,2
X5674,11
X5675,7
X5676,1
X5677,1
X5678,1
X5679,1
X5680,0
X5681,2
X5682,1
X5683,9
X5684,6
X5685,6
X5686,4
X5687,1
X5688,1
X5689,1
X5690,6
X5691,7
X5692,4
X5693,6
X5694,5
X5695,4
X5696,2
X5697,7
X5698,2
X5699,20
X5700,1
X5701,1
X5702,5
X5703,1
X5704,1
X5705,5
X5706,4
X5707,4
X5708,1
X5709,15
X5710,1
X5711,6
X5712,11
X5713,2
X5714,2
X5715,1
X5716,0
X5717,1
X5718,0
X5719,12
X5720,2
X5721,1
X5722,1
X5723,1
X5724,1
X5725,1
X5726,1
X5727,8
X5728,1
X5729,1
X5730,1
X5731,0
X5732,1
X5733,1
X5734,3
X5735,1
X5736,3
X5737,8
X5738,7
X5739,8
X5740,7
X5741,0
X5742,6
X5743,1
X5744,5
X5745,4
X5746,6
X5747,10
X5748,1
X5749,2
X5750,10
X5751,0
X5752,6
X5753,1
X5754,2
X5755,6
X5756,1
X5757,7
X5758,1
X5759,7
X5760,1
X5761,2
X5762,3
X5763,7
X5764,31
X5765,7
X5766,1
X5767,1
X5768,7
X5769,0
X5770,3
X5771,1
X5772,1
X5773,1
X5774,3
X5775,3
X5776,1
X5777,2
X5778,1
X5779,5
X5780,1
X5781,2
X5782,1
X5783,3
X5784,7
X5785,1
X5786,3
X5787,6
X5788,6
X5789,0
X5790,6
X5791,1
X5792,1
X5793,3
X5794,1
X5795,26
X5796,28
X5797,1
X5798,2
X5799,2
X5800,1
X5801,2
X5802,16
X5803,264
X5804,2
X5805,60
X5806,1
X5807,163
X5808,3
X5809,6
X5810,4
X5811,6
X5812,5
X5813,6
X5814,1
X5815,1
X5816,0
X5817,1
X5818,3
X5819,4
X5820,4
X5821,1
X5822,1
X5823,1
X5824,1
X5825,6
X5826,5
X5827,20
X5828,1
X5829,2
X5830,12
X5831,6
X5832,1
X5833,12
X5834,145
X5835,1
X5836,7
X5837,7
X5838,2
X5839,7
X5840,1
X5841,1
X5842,0
X5843,0
X5844,3
X5845,1
X5846,3
X5847,1
X5848,17
X5849,1
X5850,21
X5851,6
X5852,2
X5853,1
X5854,7
X5855,2
X5856,13
X5857,1
X5858,30
X5859,5
X5860,1
X5861,6
X5862,4
X5863,3
X5864,3
X5865,1
X5866,6
X5867,13
X5868,5
X5869,51
X5870,1
X5871,32
X5872,1
X5873,1
X5874,15
X5875,1
X5876,7
X5877,4
X5878,11
X5879,3
X5880,2
X5881,2
X5882,6
X5883,45
X5884,4
X5885,2
X5886,19
X5887,5
X5888,1
X5889,1
X5890,1
X5891,2
X5892,0
X5893,1
X5894,20
X5895,2
X5896,6
X5897,5
X5898,1
X5899,2
X5900,3
X5901,2
X5902,1
X5903,1
X5904,1
X5905,1
X5906,1
X5907,210
X5908,8
X5909,9
X5910,3
X5911,5
X5912,6
X5913,1
X5914,6
X5915,3
X5916,1
X5917,1
X5918,1
X5919,26
X5920,4
X5921,0
X5922,2
X5923,1
X5924,1
X5925,5
X5926,4
X5927,4
X5928,1
X5929,4
X5930,5
X5931,1
X5932,6
X5933,3
X5934,1
X5935,1
X5936,9
X5937,1
X5938,1
X5939,1
X5940,14
X5941,1
X5942,7
X5943,7
X5944,16
X5945,1
X5946,2
X5947,7
X5948,2
X5949,2
X5950,6
X5951,0
X5952,1
X5953,3
X5954,1
X5955,38
X5956,1
X5957,2
X5958,1
X5959,7
X5960,36
X5961,1
X5962,10
X5963,1
X5964,24
X5965,34
X5966,36
X5967,20
X5968,203
X5969,6
X5970,8
X5971,1
X5972,3
X5973,8
X5974,2
X5975,1
X5976,1
X5977,4
X5978,1
X5979,5
X5980,1
X5981,4
X5982,7
X5983,1
X5984,7
X5985,2
X5986,1
X5987,3
X5988,9
X5989,4
X5990,8
X5991,42
X5992,1
X5993,6
X5994,1
X5995,1
X5996,3
X5997,1
X5998,1
X5999,7
X6000,1
X6001,3
X6002,1
X6003,3
X6004,2
X6005,3
X6006,24
X6007,40
X6008,1
X6009,1
X6010,5
X6011,4
X6012,210
X6013,1
X6014,6
X6015,1
X6016,11
X6017,6
X6018,14
X6019,1
X6020,18
X6021,1
X6022,2
X6023,1
X6024,43
X6025,23
X6026,1
X6027,6
X6028,1
X6029,3
X6030,14
X6031,1
X6032,20
X6033,1
X6034,1
X6035,1
X6036,1
X6037,86
X6038,2
X6039,1
X6040,1
X6041,2
X6042,1
X6043,1
X6044,29
X6045,8
X6046,3
X6047,1
X6048,0
X6049,7
X6050,2
X6051,1
X6052,1
X6053,4
X6054,1
X6055,0
X6056,4
X6057,4
X6058,1
X6059,7
X6060,1
X6061,2
X6062,1
X6063,1
X6064,1
X6065,16
X6066,2
X6067,2
X6068,9
X6069,0
X6070,7
X6071,3
X6072,1
X6073,1
X6074,2
X6075,1
X6076,1
X6077,2
X6078,16
X6079,7
X6080,1
X6081,1
X6082,1
X6083,46
X6084,5
X6085,1
X6086,1
X6087,1
X6088,11
X6089,1
X6090,1
X6091,6
X6092,3
X6093,18
X6094,1
X6095,6
X6096,7
X6097,1
X6098,4
X6099,5
X6100,1
X6101,29
X6102,5
X6103,2
X6104,1
X6105,5
X6106,5
X6107,0
X6108,1
X6109,5
X6110,1
X6111,1
X6112,1
X6113,1
X6114,1
X6115,1
X6116,8
X6117,1
X6118,5
X6119,0
X6120,47
X6121,22
X6122,0
X6123,1
X6124,1
X6125,9
X6126,0
X6127,24
X6128,7
X6129,1
X6130,163
X6131,2
X6132,1
X6133,12
X6134,1
X6135,6
X6136,7
X6137,8
X6138,0
X6139,2
X6140,3
X6141,1
X6142,3
X6143,8
X6144,1
X6145,1
X6146,3
X6147,17
X6148,8
X6149,1
X6150,2
X6151,1
X6152,5
X6153,1
X6154,2
X6155,2
X6156,1
X6157,1
X6158,5
X6159,26
X6160,1
X6161,1
X6162,1
X6163,8
X6164,219
X6165,8
X6166,4
X6167,8
X6168,6
X6169,1
X6170,7
X6171,0
X6172,1
X6173,1
X6174,11
X6175,1
X6176,1
X6177,1
X6178,2
X6179,3
X6180,2
X6181,6
X6182,3
X6183,1
X6184,6
X6185,8
X6186,1
X6187,8
X6188,1
X6189,7
X6190,1
X6191,33
X6192,10
X6193,1
X6194,2
X6195,17
X6196,0
X6197,13
X6198,6
X6199,2
X6200,1
X6201,1
X6202,43
X6203,1
X6204,1
X6205,22
X6206,4
X6207,5
X6208,6
X6209,5
X6210,31
X6211,25
X6212,8
X6213,1
X6214,9
X6215,11
X6216,5
X6217,1
X6218,7
X6219,0
X6220,1
X6221,7
X6222,1
X6223,1
X6224,1
X6225,1
X6226,1
X6227,4
X6228,2
X6229,1
X6230,2
X6231,1
X6232,2
X6233,2
X6234,1
X6235,0
X6236,4
X6237,1
X6238,1
X6239,1
X6240,0
X6241,1
X6242,1
X6243,0
X6244,1
X6245,11
X6246,9
X6247,1
X6248,3
X6249,1
X6250,0
X6251,1
X6252,1
X6253,0
X6254,61
X6255,10
X6256,1
X6257,1
X6258,2
X6259,12
X6260,1
X6261,14
X6262,2
X6263,1
X6264,1
X6265,1
X6266,1
X6267,1
X6268,1
X6269,1
X6270,4
X6271,4
X6272,1
X6273,5
X6274,5
X6275,1
X6276,1
X6277,2
X6278,9
X6279,3
X6280,2
X6281,2
X6282,9
X6283,1
X6284,1
X6285,2
X6286,8
X6287,3
X6288,1
X6289,1
X6290,0
X6291,1
X6292,1
X6293,2
X6294,1
X6295,0
X6296,1
X6297,1
X6298,2
X6299,4
X6300,6
X6301,3
X6302,1
X6303,5
X6304,11
X6305,1
X6306,1
X6307,1
X6308,2
X6309,7
X6310,6
X6311,17
X6312,1
X6313,1
X6314,7
X6315,0
X6316,2
X6317,4
X6318,1
X6319,3
X6320,1
X6321,1
X6322,0
X6323,1
X6324,2
X6325,1
X6326,235
X6327,16
X6328,1
X6329,3
X6330,0
X6331,1
X6332,1
X6333,5
X6334,13
X6335,0
X6336,5
X6337,3
X6338,1
X6339,5
X6340,1
X6341,3
X6342,10
X6343,1
X6344,1
X6345,8
X6346,1
X6347,0
X6348,0
X6349,1
X6350,1
X6351,4
X6352,2
X6353,1
X6354,0
X6355,1
X6356,1
X6357,1
X6358,7
X6359,1
X6360,1
X6361,2
X6362,1
X6363,45
X6364,13
X6365,1
X6366,1
X6367,6
X6368,1
X6369,1
X6370,2
X6371,1
X6372,1
X6373,1
X6374,7
X6375,1
X6376,2
X6377,1
X6378,7
X6379,7
X6380,1
X6381,7
X6382,41
X6383,12
X6384,1
X6385,17
X6386,5
X6387,5
X6388,1
X6389,1
X6390,3
X6391,1
X6392,1
X6393,18
X6394,2
X6395,1
X6396,1
X6397,2
X6398,1
X6399,18
X6400,7
X6401,1
X6402,1
X6403,6
X6404,12
X6405,8
X6406,9
X6407,4
X6408,4
X6409,1
X6410,2
X6411,0
X6412,6
X6413,15
X6414,0
X6415,6
X6416,5
X6417,0
X6418,4
X6419,1
X6420,1
X6421,3
X6422,1
X6423,6
X6424,1
X6425,1
X6426,6
X6427,4
X6428,1
X6429,2
X6430,2
X6431,1
X6432,2
X6433,3
X6434,1
X6435,6
X6436,3
X6437,1
X6438,1
X6439,1
X6440,6
X6441,3
X6442,27
X6443,6
X6444,5
X6445,5
X6446,0
X6447,1
X6448,62
X6449,5
X6450,1
X6451,0
X6452,4
X6453,6
X6454,9
X6455,6
X6456,4
X6457,8
X6458,2
X6459,9
X6460,1
X6461,1
X6462,39
X6463,1
X6464,1
X6465,1
X6466,1
X6467,13
X6468,2
X6469,2
X6470,8
X6471,1
X6472,1
X6473,13
X6474,1
X6475,4
X6476,1
X6477,1
X6478,2
X6479,8
X6480,6
X6481,6
X6482,6
X6483,3
X6484,0
X6485,1
X6486,4
X6487,4
X6488,15
X6489,1
X6490,1
X6491,0
X6492,7
X6493,1
X6494,1
X6495,5
X6496,2
X6497,8
X6498,6
X6499,1
X6500,8
X6501,3
X6502,3
X6503,1
X6504,6
X6505,3
X6506,1
X6507,18
X6508,5
X6509,5
X6510,39
X6511,5
X6512,1
X6513,7
X6514,4
X6515,1
X6516,1
X6517,1
X6518,3
X6519,0
X6520,5
X6521,6
X6522,1
X6523,1
X6524,7
X6525,4
X6526,0
X6527,7
X6528,1
X6529,1
X6530,2
X6531,1
X6532,1
X6533,9
X6534,5
X6535,1
X6536,75
X6537,7
X6538,1
X6539,3
X6540,1
X6541,1
X6542,2
X6543,1
X6544,9
X6545,6
X6546,0
X6547,28
X6548,4
X6549,14
X6550,1
X6551,1
X6552,7
X6553,1
X6554,10
X6555,0
X6556,11
X6557,1
X6558,7
X6559,14
X6560,1
X6561,4
X6562,10
X6563,1
X6564,1
X6565,0
X6566,17
X6567,14
X6568,3
X6569,29
X6570,1
X6571,10
X6572,7
X6573,1
X6574,2
X6575,0
X6576,2
X6577,6
X6578,22
X6579,17
X6580,1
X6581,1
X6582,2
X6583,11
X6584,1
X6585,1
X6586,3
X6587,1
X6588,3
X6589,1
X6590,1
X6591,4
X6592,1
X6593,1
X6594,1
X6595,0
X6596,1
X6597,1
X6598,37
X6599,1
X6600,1
X6601,212
X6602,30
X6603,1
X6604,1
X6605,2
X6606,1
X6607,1
X6608,2
X6609,1
X6610,7
X6611,2
X6612,2
X6613,26
X6614,7
X6615,1
X6616,8
X6617,1
X6618,1
X6619,24
X6620,1
X6621,4
X6622,1
X6623,3
X6624,4
X6625,1
X6626,0
X6627,1
X6628,1
X6629,1
X6630,9
X6631,13
X6632,1
X6633,2
X6634,1
X6635,11
X6636,1
X6637,1
X6638,4
X6639,4
X6640,13
X6641,2
X6642,0
X6643,4
X6644,6
X6645,1
X6646,1
X6647,1
X6648,1
X6649,2
X6650,10
X6651,7
X6652,1
X6653,5
X6654,8
X6655,1
X6656,6
X6657,1
X6658,2
X6659,1
X6660,1
X6661,1
X6662,1
X6663,1
X6664,1
X6665,1
X6666,1
X6667,5
X6668,1
X6669,0
X6670,4
X6671,1
X6672,18
X6673,10
X6674,1
X6675,4
X6676,1
X6677,1
X6678,1
X6679,7
X6680,0
X6681,17
X6682,1
X6683,1
X6684,0
X6685,1
X6686,4
X6687,1
X6688,1
X6689,1
X6690,1
X6691,4
X6692,1
X6693,3
X6694,5
X6695,2
X6696,1
X6697,19
X6698,1
X6699,1
X6700,1
X6701,17
X6702,7
X6703,8
X6704,1
X6705,5
X6706,218
X6707,1
X6708,3
X6709,1
X6710,1
X6711,1
X6712,4
X6713,1
X6714,5
X6715,10
X6716,3
X6717,8
X6718,11
X6719,27
X6720,1
X6721,0
X6722,8
X6723,1
X6724,1
X6725,3
X6726,30
X6727,6
X6728,1
X6729,0
X6730,1
X6731,1
X6732,1
X6733,3
X6734,7
X6735,7
X6736,0
X6737,1
X6738,2
X6739,2
X6740,2
X6741,6
X6742,4
X6743,1
X6744,3
X6745,29
X6746,8
X6747,2
X6748,4
X6749,1
X6750,1
X6751,1
X6752,10
X6753,21
X6754,1
X6755,7
X6756,6
X6757,6
X6758,2
X6759,1
X6760,1
X6761,0
X6762,1
X6763,6
X6764,1
X6765,7
X6766,1
X6767,3
X6768,1
X6769,4
X6770,1
X6771,2
X6772,5
X6773,2
X6774,2
X6775,0
X6776,6
X6777,6
X6778,9
X6779,6
X6780,3
X6781,1
X6782,5
X6783,3
X6784,1
X6785,5
X6786,7
X6787,1
X6788,1
X6789,9
X6790,4
X6791,1
X6792,19
X6793,3
X6794,5
X6795,4
X6796,1
X6797,5
X6798,207
X6799,1
X6800,1
X6801,26
X6802,1
X6803,1
X6804,0
X6805,2
X6806,1
X6807,36
X6808,15
X6809,2
X6810,3
X6811,9
X6812,2
X6813,6
X6814,7
X6815,21
X6816,1
X6817,2
X6818,1
X6819,21
X6820,1
X6821,3
X6822,1
X6823,1
X6824,3
X6825,7
X6826,1
X6827,1
X6828,1
X6829,1
X6830,0
X6831,1
X6832,1
X6833,2
X6834,1
X6835,1
X6836,2
X6837,1
X6838,1
X6839,3
X6840,3
X6841,1
X6842,1
X6843,1
X6844,6
X6845,1
X6846,1
X6847,4
X6848,4
X6849,22
X6850,5
X6851,5
X6852,2
X6853,1
X6854,1
X6855,3
X6856,1
X6857,0
X6858,0
X6859,0
X6860,0
X6861,7
X6862,2
X6863,3
X6864,14
X6865,2
X6866,2
X6867,1
X6868,2
X6869,1
X6870,5
X6871,1
X6872,6
X6873,4
X6874,1
X6875,2
X6876,2
X6877,1
X6878,2
X6879,28
X6880,2
X6881,20
X6882,92
X6883,1
X6884,58
X6885,224
X6886,11
X6887,1
X6888,7
X6889,1
X6890,6
X6891,1
X6892,0
X6893,1
X6894,1
X6895,1
X6896,1
X6897,1
X6898,1
X6899,6
X6900,7
X6901,6
X6902,6
X6903,1
X6904,4
X6905,6
X6906,1
X6907,0
X6908,24
X6909,2
X6910,0
X6911,1
X6912,1
X6913,1
X6914,1
X6915,26
X6916,1
X6917,19
X6918,138
X6919,11
X6920,1
X6921,1
X6922,23
X6923,1
X6924,31
X6925,1
X6926,35
X6927,2
X6928,3
X6929,4
X6930,1
X6931,1
X6932,0
X6933,1
X6934,2
X6935,1
X6936,8
X6937,12
X6938,1
X6939,7
X6940,38
X6941,6
X6942,0
X6943,10
X6944,53
X6945,1
X6946,7
X6947,2
X6948,12
X6949,1
X6950,3
X6951,8
X6952,3
X6953,2
X6954,6
X6955,20
X6956,1
X6957,3
X6958,1
X6959,12
X6960,9
X6961,6
X6962,4
X6963,1
X6964,7
X6965,0
X6966,4
X6967,1
X6968,6
X6969,17
X6970,10
X6971,1
X6972,1
X6973,12
X6974,1
X6975,1
X6976,2
X6977,2
X6978,5
X6979,1
X6980,10
X6981,1
X6982,1
X6983,11
X6984,0
X6985,21
X6986,5
X6987,1
X6988,0
X6989,0
X6990,1
X6991,2
X6992,7
X6993,10
X6994,7
X6995,1
X6996,2
X6997,19
X6998,6
X6999,4
X7000,5
X7001,1
X7002,1
X7003,7
X7004,1
X7005,1
X7006,21
X7007,7
X7008,0
X7009,11
X7010,2
X7011,1
X7012,1
X7013,54
X7014,0
X7015,2
X7016,6
X7017,1
X7018,1
X7019,3
X7020,6
X7021,6
X7022,1
X7023,3
X7024,3
X7025,5
X7026,7
X7027,11
X7028,34
X7029,0
X7030,1
X7031,21
X7032,4
X7033,1
X7034,60
X7035,4
X7036,1
X7037,4
X7038,31
X7039,8
X7040,3
X7041,1
X7042,7
X7043,4
X7044,3
X7045,51
X7046,6
X7047,30
X7048,0
X7049,1
X7050,1
X7051,1
X7052,1
X7053,7
X7054,10
X7055,0
X7056,1
X7057,1
X7058,1
X7059,1
X7060,1
X7061,0
X7062,264
X7063,3
X7064,8
X7065,0
X7066,26
X7067,6
X7068,1
X7069,3
X7070,6
X7071,1
X7072,1
X7073,1
X7074,30
X7075,4
X7076,3
X7077,2
X7078,1
X7079,7
X7080,1
X7081,16
X7082,18
X7083,6
X7084,1
X7085,2
X7086,1
X7087,1
X7088,1
X7089,33
X7090,3
X7091,2
X7092,5
X7093,2
X7094,4
X7095,4
X7096,2
X7097,5
X7098,16
X7099,1
X7100,7
X7101,2
X7102,5
X7103,1
X7104,1
X7105,3
X7106,6
X7107,2
X7108,5
X7109,54
X7110,4
X7111,4
X7112,2
X7113,1
X7114,6
X7115,6
X7116,1
X7117,7
X7118,1
X7119,2
X7120,1
X7121,2
X7122,4
X7123,44
X7124,32
X7125,16
X7126,3
X7127,0
X7128,2
X7129,20
X7130,1
X7131,148
X7132,1
X7133,0
X7134,1
X7135,4
X7136,1
X7137,39
X7138,2
X7139,4
X7140,1
X7141,1
X7142,1
X7143,1
X7144,3
X7145,1
X7146,2
X7147,1
X7148,1
X7149,16
X7150,4
X7151,33
X7152,6
X7153,106
X7154,3
X7155,1
X7156,38
X7157,6
X7158,9
X7159,1
X7160,0
X7161,8
X7162,3
X7163,1
X7164,3
X7165,0
X7166,2
X7167,54
X7168,39
X7169,1
X7170,0
X7171,1
X7172,10
X7173,2
X7174,6
X7175,2
X7176,8
X7177,0
X7178,1
X7179,15
X7180,1
X7181,1
X7182,1
X7183,15
X7184,1
X7185,11
X7186,31
X7187,1
X7188,1
X7189,0
X7190,0
X7191,2
X7192,2
X7193,4
X7194,1
X7195,52
X7196,9
X7197,7
X7198,32
X7199,8
X7200,1
X7201,1
X7202,2
X7203,1
X7204,1
X7205,4
X7206,1
X7207,2
X7208,2
X7209,17
X7210,21
X7211,1
X7212,1
X7213,16
X7214,2
X7215,6
X7216,1
X7217,11
X7218,19
X7219,1
X7220,0
X7221,1
X7222,1
X7223,8
X7224,7
X7225,53
X7226,1
X7227,1
X7228,8
X7229,17
X7230,1
X7231,7
X7232,1
X7233,1
X7234,1
X7235,2
X7236,4
X7237,11
X7238,4
X7239,1
X7240,1
X7241,3
X7242,7
X7243,1
X7244,4
X7245,23
X7246,7
X7247,1
X7248,0
X7249,3
X7250,15
X7251,3
X7252,0
X7253,8
X7254,0
X7255,1
X7256,6
X7257,2
X7258,1
X7259,3
X7260,24
X7261,1
X7262,4
X7263,1
X7264,2
X7265,6
X7266,1
X7267,3
X7268,7
X7269,6
X7270,1
X7271,9
X7272,1
X7273,1
X7274,0
X7275,1
X7276,6
X7277,26
X7278,3
X7279,42
X7280,34
X7281,8
X7282,32
X7283,8
X7284,1
X7285,0
X7286,3
X7287,1
X7288,35
X7289,2
X7290,2
X7291,5
X7292,2
X7293,2
X7294,8
X7295,4
X7296,6
X7297,1
X7298,1
X7299,1
X7300,13
X7301,1
X7302,1
X7303,5
X7304,0
X7305,4
X7306,6
X7307,6
X7308,5
X7309,1
X7310,80
X7311,6
X7312,1
X7313,10
X7314,1
X7315,1
X7316,1
X7317,7
X7318,1
X7319,0
X7320,1
X7321,1
X7322,5
X7323,12
X7324,10
X7325,2
X7326,0
X7327,1
X7328,8
X7329,1
X7330,17
X7331,2
X7332,1
X7333,1
X7334,1
X7335,5
X7336,2
X7337,7
X7338,1
X7339,1
X7340,2
X7341,1
X7342,4
X7343,7
X7344,1
X7345,2
X7346,7
X7347,56
X7348,6
X7349,2
X7350,1
X7351,0
X7352,28
X7353,6
X7354,1
X7355,10
X7356,1
X7357,1
X7358,7
X7359,4
X7360,1
X7361,2
X7362,1
X7363,1
X7364,1
X7365,1
X7366,1
X7367,16
X7368,1
X7369,1
X7370,1
X7371,13
X7372,1
X7373,1
X7374,1
X7375,1
X7376,14
X7377,5
X7378,4
X7379,1
X7380,7
X7381,1
X7382,1
X7383,22
X7384,1
X7385,6
X7386,14
X7387,4
X7388,1
X7389,1
X7390,2
X7391,6
X7392,1
X7393,2
X7394,9
X7395,2
X7396,5
X7397,0
X7398,2
X7399,1
X7400,1
X7401,4
X7402,1
X7403,1
X7404,2
X7405,1
X7406,1
X7407,1
X7408,1
X7409,1
X7410,3
X7411,0
X7412,7
X7413,1
X7414,5
X7415,0
X7416,1
X7417,3
X7418,1
X7419,6
X7420,6
X7421,12
X7422,163
X7423,7
X7424,4
X7425,6
X7426,1
X7427,6
X7428,1
X7429,1
X7430,1
X7431,1
X7432,1
X7433,6
X7434,6
X7435,5
X7436,2
X7437,1
X7438,5
X7439,1
X7440,4
X7441,7
X7442,2
X7443,1
X7444,3
X7445,7
X7446,1
X7447,3
X7448,15
X7449,1
X7450,0
X7451,0
X7452,1
X7453,8
X7454,6
X7455,0
X7456,6
X7457,1
X7458,11
X7459,7
X7460,15
X7461,1
X7462,12
X7463,2
X7464,1
X7465,1
X7466,1
X7467,1
X7468,4
X7469,5
X7470,30
X7471,1
X7472,1
X7473,7
X7474,1
X7475,3
X7476,10
X7477,16
X7478,4
X7479,0
X7480,1
X7481,2
X7482,0
X7483,1
X7484,32
X7485,8
X7486,3
X7487,7
X7488,2
X7489,2
X7490,1
X7491,1
X7492,5
X7493,1
X7494,6
X7495,1
X7496,1
X7497,2
X7498,1
X7499,0
X7500,1
X7501,3
X7502,6
X7503,0
X7504,4
X7505,1
X7506,7
X7507,0
X7508,2
X7509,42
X7510,2
X7511,1
X7512,1
X7513,3
X7514,1
X7515,1
X7516,2
X7517,5
X7518,3
X7519,2
X7520,4
X7521,25
X7522,1
X7523,2
X7524,10
X7525,1
X7526,1
X7527,1
X7528,17
X7529,3
X7530,0
X7531,29
X7532,2
X7533,1
X7534,1
X7535,3
X7536,2
X7537,1
X7538,128
X7539,1
X7540,3
X7541,54
X7542,6
X7543,1
X7544,6
X7545,1
X7546,1
X7547,1
X7548,1
X7549,5
X7550,1
X7551,8
X7552,2
X7553,2
X7554,1
X7555,1
X7556,1
X7557,1
X7558,4
X7559,3
X7560,5
X7561,0
X7562,1
X7563,2
X7564,1
X7565,0
X7566,7
X7567,1
X7568,1
X7569,4
X7570,1
X7571,3
X7572,13
X7573,2
X7574,6
X7575,14
X7576,3
X7577,10
X7578,1
X7579,5
X7580,1
X7581,1
X7582,77
X7583,0
X7584,4
X7585,5
X7586,5
X7587,9
X7588,1
X7589,1
X7590,11
X7591,6
X7592,1
X7593,20
X7594,5
X7595,1
X7596,6
X7597,17
X7598,1
X7599,1
X7600,1
X7601,1
X7602,1
X7603,4
X7604,5
X7605,1
X7606,30
X7607,1
X7608,2
X7609,1
X7610,1
X7611,5
X7612,4
X7613,1
X7614,28
X7615,3
X7616,1
X7617,1
X7618,6
X7619,5
X7620,21
X7621,1
X7622,1
X7623,1
11
85
0
2
0
17
0
21
0
0
0
33
7
0
2
4
0
2
90
0
0
4
0
1
0
16
0
2
5
2
0
0
1
3
0
29
0
3
4
12
6
9
10
0
0
6
3
7
3
12
12
27
6
3
3
0
0
22
0
10
1
13
3
5
11
0
6
0
0
5
5
3
0
4
7
5
0
20
10
0
7
0
28
8
17
3
0
0
0
0
2
4
0
1
0
10
0
1
4
31
2
6
4
9
2
0
19
0
0
1
0
2
10
10
6
4
0
0
9
1
4
0
7
0
3
8
4
0
1
34
0
5
0
208
8
10
1
4
5
2
1
2
6
15
2
2
2
3
6
11
0
4
1
4
6
4
6
9
10
1
0
0
0
0
8
1
0
2
0
0
2
0
5
0
0
9
6
27
1
1
4
0
10
1
1
0
0
7
19
6
5
31
0
3
1
0
0
0
0
6
0
4
2
0
14
2
12
0
1
4
0
0
6
3
4
2
5
2
6
5
4
0
43
3
2
7
0
0
8
4
7
7
3
4
1
0
1
0
0
11
33
7
0
0
4
15
5
2
1
5
1
7
1
6
0
1
2
0
10
4
18
12
7
12
0
11
0
0
6
1
18
2
0
0
0
0
2
6
59
1
6
0
5
6
4
1
0
7
0
1
6
10
1
0
5
14
0
0
10
10
64
0
27
0
0
68
2
19
11
10
1
0
6
6
0
5
2
10
12
23
0
0
12
5
8
0
1
2
0
0
0
6
0
11
2
5
4
14
0
42
0
6
0
2
2
0
3
41
10
3
39
7
0
0
0
8
0
5
11
2
0
18
7
20
5
3
14
229
5
5
0
4
0
4
5
8
0
0
0
8
9
2
2
5
4
0
0
20
0
2
6
0
0
13
24
232
0
0
4
65
0
0
5
0
4
0
0
0
6
0
4
6
5
5
0
7
223
0
0
1
36
6
2
29
10
2
3
0
0
0
11
0
0
5
8
2
0
5
0
0
14
15
3
3
0
6
0
0
10
0
1
8
2
10
6
17
11
15
2
1
8
1
8
0
16
58
10
12
43
0
0
8
59
4
49
5
5
16
18
22
2
2
10
6
0
1
15
4
55
0
6
0
0
6
0
1
0
0
1
0
0
8
1
0
0
0
13
5
14
0
4
0
18
5
2
13
1
0
6
7
14
5
0
0
9
15
16
2
4
2
0
9
0
0
0
12
51
5
0
9
11
9
0
4
0
4
0
6
10
0
0
2
0
10
0
0
0
0
0
6
0
1
2
1
27
1
2
85
4
6
0
6
2
0
10
0
0
7
2
0
1
5
11
10
0
6
4
0
3
3
55
5
3
0
2
14
2
2
7
7
0
0
4
0
185
0
5
0
11
1
5
2
1
2
2
0
8
6
2
0
4
23
10
5
10
16
0
3
2
2
2
2
13
35
17
0
0
5
0
9
14
0
1
7
0
6
6
3
0
8
9
0
5
0
3
7
0
5
0
7
0
0
5
59
1
0
0
6
12
3
1
5
51
1
3
0
7
0
11
10
2
8
6
2
0
0
6
5
3
26
0
0
4
0
14
20
10
2
2
6
3
6
0
201
0
0
0
18
10
5
0
0
2
4
7
6
2
4
11
11
0
50
0
146
4
2
1
1
1
4
0
11
2
1
6
2
5
6
0
229
0
0
0
2
6
0
6
0
0
6
0
37
5
120
0
7
5
3
8
3
2
6
10
5
0
2
14
6
0
4
0
5
6
3
4
1
0
2
4
0
1
0
10
7
0
0
3
10
6
10
0
9
6
6
6
3
0
12
6
11
5
11
0
16
0
8
18
0
5
2
5
0
2
6
84
5
2
0
2
14
5
1
4
0
5
9
0
0
0
6
0
51
6
0
6
5
0
9
5
2
0
3
0
5
2
0
0
4
4
0
0
0
5
0
5
4
6
5
19
0
0
7
1
29
0
7
0
9
0
10
0
0
1
33
50
2
0
0
4
0
13
8
0
6
7
7
1
0
0
1
32
0
1
26
11
0
7
5
0
6
0
5
10
3
16
4
11
3
15
0
5
0
62
6
0
9
6
0
0
0
4
1
2
5
4
4
0
0
0
5
7
59
0
0
0
2
0
1
0
4
0
3
1
0
3
5
0
10
3
0
2
2
5
1
7
0
0
17
1
45
0
4
8
0
12
0
11
40
5
51
2
7
0
11
1
59
17
20
8
6
10
0
0
7
0
0
3
1
0
2
12
8
95
43
1
6
4
8
7
9
34
30
6
0
0
10
4
3
4
0
6
4
0
2
1
5
0
9
0
0
7
11
2
37
21
1
1
0
0
0
0
36
10
0
12
1
10
8
0
2
0
5
20
2
0
4
5
2
0
1
0
10
9
0
29
9
15
23
0
1
2
15
11
0
2
0
2
5
5
0
0
2
7
4
1
0
3
2
0
5
19
0
0
2
0
10
2
1
25
2
12
0
1
10
0
1
128
0
7
2
3
5
0
1
5
1
10
0
2
6
5
5
8
2
2
4
0
4
0
0
10
2
4
2
0
8
11
0
0
12
146
7
0
0
7
6
9
4
6
0
0
0
5
4
0
0
33
11
0
5
0
0
5
8
4
4
6
2
12
6
6
1
5
0
35
4
0
2
40
17
7
13
1
11
0
7
0
0
2
6
9
2
16
2
2
5
0
11
9
11
61
0
0
9
3
7
5
0
6
2
7
6
11
21
59
2
5
6
9
5
2
0
0
0
0
3
1
11
7
0
0
9
10
2
29
14
12
1
0
0
9
11
7
9
14
2
11
0
0
0
1
2
0
6
8
4
2
0
9
12
2
0
0
3
5
1
0
3
5
33
13
0
2
8
22
2
31
0
0
1
0
11
23
0
2
6
2
37
0
5
0
7
31
0
1
0
4
1
0
6
1
0
2
11
7
59
4
0
1
2
7
0
5
6
14
0
15
5
1
0
0
0
0
0
10
2
5
0
4
15
0
0
5
1
0
0
0
8
5
13
0
1
11
0
0
1
50
9
29
11
2
0
0
6
1
16
9
140
11
0
9
0
6
0
76
1
10
15
13
162
3
0
7
0
3
74
0
4
3
7
35
0
21
0
1
5
0
4
0
2
12
1
5
0
5
6
21
1
11
0
0
0
13
1
0
6
4
2
0
6
0
0
0
0
2
12
27
5
7
182
5
0
0
4
5
3
0
0
0
1
9
14
0
5
0
8
4
1
13
0
0
1
0
4
18
3
0
6
9
30
7
6
9
8
0
0
0
6
0
4
6
5
41
4
2
13
6
0
165
2
9
0
35
7
0
0
2
17
8
3
1
6
0
2
3
1
4
0
6
0
33
7
0
2
0
5
0
0
0
0
0
4
0
0
0
4
0
20
0
5
1
2
0
0
1
20
3
0
0
41
0
3
6
0
13
6
0
6
7
0
3
0
3
2
15
6
2
0
0
1
0
1
0
0
6
11
8
138
6
10
6
10
6
3
5
5
12
4
48
2
0
43
6
0
6
3
29
5
0
6
7
11
0
75
1
4
34
1
6
4
9
0
5
9
0
3
3
4
0
5
5
9
22
1
3
7
2
0
11
2
0
0
0
2
11
0
12
0
0
5
3
5
2
5
2
0
0
0
3
0
11
2
11
1
11
0
0
7
2
2
0
0
1
11
4
0
0
2
0
14
0
23
13
4
6
3
0
21
61
2
0
0
11
0
13
0
5
15
1
0
2
1
6
2
5
0
7
0
5
5
0
5
2
3
5
18
2
0
4
3
1
14
0
1
0
0
0
8
8
0
0
9
7
13
7
0
0
5
7
1
8
99
0
10
8
5
10
5
1
4
25
0
3
5
1
0
0
10
7
4
6
5
13
1
0
11
0
11
0
5
11
2
0
3
25
8
11
0
2
5
0
217
0
0
0
7
6
8
0
0
2
6
3
2
5
17
1
17
1
0
0
0
0
0
6
0
0
11
15
0
2
20
0
1
14
14
0
11
2
8
1
0
20
38
16
0
0
8
10
0
0
1
0
0
6
4
12
5
2
5
2
136
0
15
9
7
4
0
1
10
0
1
0
4
0
9
0
0
0
10
14
3
40
1
12
0
6
8
13
4
0
0
1
0
0
2
96
1
0
0
0
7
11
5
0
11
15
8
0
4
1
9
6
6
12
4
0
6
0
12
0
7
0
2
4
4
6
13
2
2
5
4
11
9
41
0
7
0
0
7
1
0
6
7
22
1
0
2
5
0
1
9
2
7
8
1
2
27
17
6
4
0
0
3
3
4
0
2
0
2
0
6
6
6
2
14
1
5
2
56
6
0
0
6
3
7
0
0
0
27
4
0
5
9
8
0
0
1
3
0
7
0
3
1
0
0
0
9
9
1
4
0
8
14
0
13
48
1
6
10
0
0
12
0
8
3
11
6
5
0
0
6
3
6
5
2
0
9
6
6
0
0
0
5
6
4
71
0
16
0
0
27
5
8
0
41
5
1
28
0
3
2
5
74
0
0
2
0
84
2
13
12
0
7
2
9
0
1
10
34
8
4
5
0
41
6
10
9
2
47
10
0
0
31
1
1
8
2
11
4
0
3
2
5
0
0
11
1
4
2
2
4
12
5
11
7
2
5
2
0
6
10
0
0
2
0
0
4
6
11
15
0
4
0
7
0
2
0
7
2
0
4
0
0
0
0
6
5
9
0
12
11
1
12
21
1
8
4
0
7
3
19
0
22
16
0
0
1
13
0
20
7
28
7
1
16
4
6
139
3
0
6
2
1
1
14
56
8
7
10
9
0
2
0
2
8
0
0
0
5
28
0
59
21
6
2
0
6
18
0
0
32
3
5
2
10
1
2
3
1
5
1
4
11
0
0
3
4
19
10
13
7
4
1
0
0
0
12
6
1
6
27
6
22
15
0
8
35
0
7
3
11
0
0
2
4
5
6
5
5
0
1
0
6
4
8
0
15
0
9
0
6
9
3
0
0
2
13
9
5
101
0
0
3
2
6
2
4
0
0
2
4
5
2
11
0
3
7
5
13
0
5
0
0
11
1
3
29
11
6
4
0
8
7
1
2
2
4
6
0
54
1
9
0
0
0
6
11
5
0
27
88
5
3
6
0
1
1
9
8
4
1
1
12
10
13
0
0
0
4
7
5
0
0
49
218
6
0
4
11
0
0
8
3
0
11
2
5
60
0
12
8
8
16
3
5
0
10
4
154
9
6
2
3
4
0
5
9
0
1
0
0
9
7
4
9
13
5
5
13
7
9
0
6
0
213
5
0
2
0
0
0
0
5
11
0
11
1
11
0
0
4
11
4
0
7
0
6
0
1
17
39
60
6
11
1
0
11
16
2
4
6
0
6
5
43
0
0
7
0
10
5
0
0
1
2
7
18
14
0
1
2
5
5
2
4
8
3
6
6
7
10
0
6
0
20
4
1
0
3
0
5
0
0
0
3
5
5
0
0
3
10
0
10
0
1
5
4
11
6
5
6
5
6
3
0
3
3
5
28
5
0
0
5
0
1
3
11
0
0
0
5
1
2
3
1
6
5
0
6
2
0
0
23
18
0
4
2
2
0
6
2
0
4
0
46
3
7
4
6
4
5
7
7
0
4
5
2
32
4
1
0
9
1
0
0
33
12
7
4
12
0
10
4
0
2
4
22
7
3
56
5
5
0
5
1
3
84
8
0
6
26
11
0
4
0
2
0
2
138
3
0
15
15
8
2
1
0
30
0
43
4
0
1
0
6
0
9
7
0
6
6
6
0
1
2
6
0
21
2
7
0
0
2
6
0
3
52
4
15
0
0
8
1
4
0
0
0
4
2
1
8
0
0
0
0
1
0
3
0
0
0
3
80
0
0
0
2
0
0
6
0
0
0
5
11
0
21
2
5
7
2
0
0
2
1
0
0
4
0
1
2
0
0
11
5
9
1
2
2
2
4
0
0
9
5
1
6
0
2
11
8
1
5
12
0
8
1
38
6
1
0
1
5
0
0
1
1
0
0
0
8
5
6
3
14
0
5
1
8
0
119
10
9
6
0
8
0
14
0
0
2
5
0
0
39
2
0
13
4
19
0
0
55
0
8
7
4
4
5
7
6
0
0
73
1
28
1
12
1
1
4
1
3
5
10
5
1
8
6
4
0
0
0
7
0
6
0
3
5
6
6
4
1
0
6
0
18
2
21
6
5
0
1
1
9
0
0
5
7
10
0
0
5
12
4
28
1
0
1
5
5
6
4
11
4
0
6
15
0
11
9
5
6
10
10
1
31
1
18
10
0
0
0
9
0
0
0
0
19
306
0
3
7
7
4
0
9
0
0
3
0
0
0
1
0
3
0
0
0
5
6
8
4
0
9
4
0
9
14
1
6
6
2
7
1
0
0
3
0
5
5
0
0
7
1
1
2
3
4
1
5
0
1
0
12
17
2
5
5
3
0
2
0
0
0
16
0
10
0
0
4
6
0
3
2
8
1
6
1
11
10
0
0
0
10
36
1
5
0
0
6
22
2
0
19
0
5
5
0
12
4
1
0
53
4
0
37
8
0
0
7
0
14
0
1
4
8
5
9
31
20
0
4
5
7
0
0
0
6
0
0
11
5
0
0
7
4
2
0
0
6
1
0
3
2
2
0
16
0
0
0
4
4
7
11
0
3
8
9
30
0
3
0
6
4
12
0
0
2
2
4
0
6
0
5
6
0
0
1
24
9
0
5
0
5
0
4
10
6
247
3
7
0
10
0
5
0
22
5
14
0
0
38
10
7
3
0
17
10
11
0
3
4
36
4
0
11
5
28
1
0
0
7
4
1
9
0
1
0
3
29
11
1
0
5
0
0
7
0
0
0
9
0
5
21
14
0
2
12
0
0
63
0
1
0
0
6
10
3
58
1
0
5
13
2
0
2
0
0
0
9
1
0
0
11
28
1
0
6
12
0
1
27
10
1
0
6
6
1
2
4
14
22
6
0
4
1
4
0
2
0
16
9
6
12
10
2
7
28
2
11
0
104
24
9
0
5
9
4
0
12
0
12
17
5
5
3
30
3
2
0
2
13
7
51
2
9
19
7
25
3
6
4
10
0
5
0
60
7
1
70
31
3
0
7
10
6
2
6
2
0
9
2
26
4
2
19
0
0
6
5
4
3
3
15
13
94
13
0
0
11
6
0
0
2
1
4
0
2
11
24
306
6
2
0
0
17
5
159
7
8
0
0
0
10
9
11
21
2
4
1
9
0
0
2
0
7
37
0
4
0
34
23
4
0
4
7
6
4
5
3
5
38
1
7
2
4
1
2
0
6
3
1
1
5
0
0
6
3
9
3
0
0
6
0
16
8
2
0
1
3
0
0
0
0
9
0
4
1
5
6
34
6
6
5
8
20
5
5
10
21
0
8
9
13
3
0
0
0
0
5
6
4
1
11
6
6
8
2
0
5
2
18
15
0
0
0
1
1
7
0
0
9
14
5
15
15
6
0
2
1
1
0
3
0
0
0
25
0
17
0
14
2
7
1
0
15
7
0
212
0
0
0
0
0
36
5
8
6
12
7
1
2
0
0
0
0
6
0
1
6
0
29
0
0
52
5
23
0
1
0
128
3
1
0
12
25
6
2
8
5
0
0
0
4
2
0
1
2
16
2
0
4
0
0
6
0
4
5
0
31
6
0
0
6
0
11
8
9
4
1
11
8
0
2
1
6
9
1
2
3
3
0
5
7
0
38
6
5
1
18
5
17
1
1
10
11
0
2
71
0
2
27
1
0
27
5
21
0
13
3
6
4
5
1
0
0
0
8
0
0
8
19
2
11
0
3
0
1
0
0
1
2
4
0
2
10
6
0
1
9
0
0
0
5
11
1
4
0
1
1
0
18
7
6
6
3
69
4
11
2
7
10
0
18
7
5
21
0
35
3
1
0
4
4
12
4
50
9
29
3
6
6
3
2
11
0
6
1
0
0
13
0
0
6
0
11
4
36
9
1
5
0
14
8
1
6
2
3
27
2
8
0
10
2
1
0
0
0
0
0
5
12
75
0
10
0
0
5
1
7
0
0
118
0
0
0
0
0
0
41
6
0
6
3
0
13
0
0
3
5
2
0
0
7
6
5
4
13
1
0
0
4
1
0
1
2
0
5
2
11
10
0
22
2
2
2
60
0
2
0
6
1
0
4
1
1
0
34
1
17
1
121
0
0
8
5
0
2
7
13
12
12
0
0
2
1
10
0
26
7
0
0
9
8
0
7
8
4
1
11
6
2
18
12
0
11
7
11
3
5
8
3
0
5
3
0
8
11
2
0
2
11
12
0
2
1
9
19
0
0
10
0
3
0
0
2
0
0
2
6
3
0
0
14
2
3
13
139
4
3
7
10
10
0
6
2
32
4
0
14
1
0
0
2
61
3
12
8
5
11
4
13
11
5
7
6
5
8
13
1
0
21
0
4
43
0
11
0
6
2
4
9
7
5
2
0
67
4
4
8
4
0
4
50
0
7
7
8
8
0
6
48
0
4
6
0
0
8
7
11
9
35
5
0
0
7
0
0
7
0
10
0
2
24
11
7
0
6
14
2
7
10
0
2
0
0
11
2
0
0
5
6
4
0
0
7
0
6
5
22
0
11
3
1
5
0
9
0
0
0
6
1
0
0
0
6
6
24
2
7
0
3
0
5
0
25
2
0
0
17
0
0
9
1
4
0
54
0
0
2
0
4
13
6
1
6
0
0
1
2
0
5
8
8
1
5
0
0
3
0
4
12
2
5
12
11
6
6
0
1
7
5
9
13
0
6
6
5
10
4
3
5
0
0
6
15
5
0
0
0
6
2
6
7
1
6
2
2
0
0
0
27
0
0
21
0
6
2
5
1
2
4
6
2
7
11
4
6
0
3
0
3
17
6
9
1
63
5
21
2
3
0
9
20
4
10
4
6
3
5
1
0
9
39
10
2
4
3
0
132
0
1
3
13
1
7
2
1
2
17
4
3
11
14
1
0
7
0
0
9
0
1
3
0
0
6
0
9
1
6
11
2
6
0
14
2
0
0
54
0
14
69
25
0
0
0
2
0
0
0
2
0
1
0
3
0
3
11
0
74
8
3
39
0
2
6
0
4
6
16
0
3
9
4
0
0
5
4
4
2
8
7
6
9
0
239
5
0
6
0
7
0
5
12
0
11
4
0
0
3
0
1
30
3
1
0
0
0
11
0
5
0
30
13
0
0
5
4
1
5
4
15
1
17
3
14
0
2
26
3
2
0
1
1
44
2
0
7
11
5
8
0
0
5
2
11
6
9
9
1
8
0
3
0
6
55
0
7
0
0
0
0
0
1
6
3
9
0
7
4
5
9
0
8
6
15
1
3
0
0
18
0
6
147
6
0
2
0
8
7
8
8
0
2
9
0
8
5
0
1
0
2
0
5
33
4
2
3
0
23
2
7
14
7
0
9
4
0
3
8
51
1
1
14
0
0
18
2
2
0
3
5
2
9
16
2
7
1
11
1
6
0
40
3
7
1
0
9
2
0
9
0
0
24
11
0
41
2
0
8
42
0
1
0
6
4
8
8
12
0
11
5
10
6
0
3
0
0
0
0
4
123
2
2
4
4
0
1
0
5
0
4
42
7
9
26
2
2
0
2
0
8
3
0
0
5
0
6
2
50
5
0
8
2
12
0
27
0
4
5
1
1
4
1
0
0
6
3
2
164
6
1
3
7
0
5
4
4
4
5
3
0
2
0
57
0
6
0
0
0
63
2
23
4
11
2
3
0
6
0
0
1
0
0
5
0
9
4
7
0
4
7
0
5
0
10
1
13
5
0
0
150
1
42
0
7
37
3
0
7
0
0
4
3
3
14
5
1
0
17
0
9
6
1
1
6
5
0
0
16
3
0
0
8
22
6
1
3
0
6
0
0
7
2
0
10
5
6
2
0
2
1
0
0
0
7
0
4
11
2
0
1
23
9
3
0
0
7
31
3
0
0
2
2
0
16
0
0
1
6
29
6
0
0
5
19
32
1
0
0
6
0
0
0
2
4
6
0
7
0
0
21
2
1
5
0
6
0
11
10
0
0
13
1
0
5
0
10
7
1
1
6
6
6
1
9
9
3
5
5
25
0
7
3
0
0
5
24
6
10
4
8
2
1
9
6
0
16
10
5
0
1
70
3
5
7
1
0
5
0
30
4
0
12
0
38
1
0
2
4
2
0
4
2
8
7
0
26
0
7
4
34
1
79
36
0
5
0
0
4
0
0
0
5
6
2
0
4
0
0
1
3
0
8
0
4
16
0
3
9
2
0
5
4
7
6
6
3
1
0
2
0
14
5
1
0
7
2
7
1
0
3
1
2
0
13
91
14
2
0
3
7
0
0
0
0
55
3
0
4
2
1
4
0
0
1
2
0
6
0
5
6
0
8
5
18
0
13
0
5
0
8
5
2
0
0
0
0
0
1
1
0
2
0
4
30
1
5
0
0
0
3
7
10
0
0
2
6
15
38
0
8
10
0
2
1
0
49
2
4
18
8
5
4
0
20
5
15
0
6
1
4
0
2
0
2
31
0
0
4
5
0
0
3
0
0
2
6
18
3
10
0
0
4
1
1
13
149
2
174
1
54
0
0
0
10
11
4
0
0
9
6
0
8
0
10
6
6
0
2
6
0
11
5
58
0
3
6
0
8
6
5
6
2
11
15
0
18
1
32
6
58
0
17
0
1
0
0
0
2
27
11
0
2
3
0
5
0
0
0
0
1
7
61
6
0
0
0
4
1
0
4
0
3
3
3
1
21
4
6
1
0
7
0
2
0
14
4
1
0
10
6
0
34
10
7
0
1
3
0
11
2
4
9
5
5
6
0
1
7
0
0
5
1
3
2
0
0
0
13
4
14
5
2
44
7
3
7
1
8
6
6
12
11
6
18
44
0
0
0
6
0
0
4
0
17
19
3
16
2
47
1
8
14
0
9
3
9
0
8
0
0
0
13
8
12
8
0
7
4
1
5
4
9
5
10
13
9
10
15
7
11
7
1
0
4
25
0
0
10
0
0
18
0
9
0
7
0
54
4
0
6
0
1
0
1
18
2
2
14
7
6
0
0
2
6
0
2
0
0
4
2
0
0
2
1
0
0
2
13
7
0
0
7
0
41
5
11
10
0
5
0
1
15
2
7
29
4
7
1
0
6
0
2
7
2
64
9
0
2
1
0
43
3
6
7
1
12
8
0
0
0
5
6
9
6
6
6
0
0
4
6
0
21
2
3
14
0
2
0
5
8
1
0
0
0
9
1
8
4
152
5
5
6
6
4
15
25
6
12
7
4
0
4
2
0
6
2
11
4
3
0
5
4
3
0
0
14
0
8
1
4
0
3
12
4
2
0
15
0
161
13
11
8
0
21
0
0
7
5
9
7
45
10
9
0
3
9
11
0
8
2
90
0
7
4
0
52
14
0
9
8
10
4
26
5
0
9
0
6
7
0
1
12
8
0
5
1
0
0
7
1
4
2
0
1
7
5
2
1
6
0
2
6
0
0
4
0
1
6
11
10
6
12
0
2
1
1
0
0
6
10
4
3
13
0
2
0
3
62
5
0
5
4
4
3
5
0
7
0
31
2
17
0
0
36
3
34
10
29
10
0
0
0
0
0
5
0
1
0
3
1
5
7
0
7
0
2
23
2
2
5
4
28
6
38
0
5
1
12
6
1
25
27
7
5
2
0
11
0
34
9
3
8
0
1
12
2
2
3
8
31
1
4
1
3
4
1
16
5
7
7
5
6
14
12
0
5
3
1
1
13
0
7
1
6
0
5
84
6
7
0
11
11
13
14
6
8
1
2
13
3
5
7
7
0
0
9
15
4
0
14
8
10
12
1
21
1
0
6
34
0
6
29
5
11
2
7
0
7
1
3
1
3
1
4
19
5
13
11
7
5
20
4
6
5
6
8
0
0
5
0
10
16
24
13
0
7
12
2
5
2
23
5
1
0
0
11
3
25
0
4
3
2
10
2
6
5
0
1
0
0
5
10
4
6
1
0
0
10
0
5
0
4
1
10
0
11
9
3
3
0
5
0
4
4
11
0
3
0
0
5
21
11
0
5
26
9
0
0
8
8
0
0
6
5
0
7
0
0
0
5
0
1
8
0
4
3
6
0
6
0
12
0
0
1
1
5
5
6
22
19
8
5
6
0
0
50
24
0
0
6
1
5
306
0
1
0
0
8
0
8
21
0
0
2
21
69
0
1
41
0
5
2
12
5
5
12
3
10
0
3
3
7
0
4
0
8
4
6
0
6
11
0
0
2
3
13
1
18
10
5
0
3
0
0
74
0
6
6
10
4
2
5
0
0
0
5
2
18
5
14
0
0
34
12
0
0
7
0
0
1
0
1
0
0
4
0
0
0
14
2
3
0
31
6
9
18
4
7
5
5
0
0
5
0
0
17
31
2
0
3
4
3
0
0
6
2
1
1
31
5
0
0
5
3
5
2
4
2
4
18
3
9
0
3
0
37
1
5
0
26
16
14
8
0
0
5
3
9
0
10
5
0
6
7
31
4
9
0
5
4
0
0
0
0
14
6
6
0
5
5
1
0
2
0
0
4
0
5
15
0
3
13
9
0
4
0
5
6
1
0
5
7
7
3
25
6
40
6
1
0
0
0
11
2
1
4
34
0
41
0
6
275
13
13
4
0
3
0
0
5
3
0
0
7
7
1
9
12
1
0
0
67
6
0
0
6
0
3
0
0
9
6
0
2
4
0
0
2
4
0
6
5
0
4
104
0
7
0
3
55
5
0
5
0
13
0
10
0
1
5
6
4
3
11
0
7
0
6
7
1
11
8
5
0
0
5
0
6
2
13
3
2
9
2
0
1
5
10
4
9
10
4
4
3
3
18
0
0
0
3
5
1
9
0
0
10
1
11
13
0
1
0
0
1
0
14
0
0
0
0
0
2
6
13
5
0
4
0
5
6
7
5
8
7
12
3
10
0
10
0
6
1
5
6
0
0
8
0
1
2
0
2
6
6
1
2
0
7
4
12
27
7
0
1
4
0
1
0
0
0
0
4
0
0
0
1
0
6
4
0
11
4
8
6
2
0
9
5
0
6
5
25
29
1
5
2
0
0
12
249
6
57
0
164
2
6
8
6
1
2
0
5
0
7
6
0
7
2
0
4
5
9
1
22
6
1
15
4
2
13
145
5
2
2
0
1
4
0
0
0
0
0
0
0
12
5
16
5
2
0
6
0
16
6
31
1
2
10
3
0
0
0
5
16
4
48
8
34
5
0
18
4
2
0
15
0
0
3
2
46
0
4
20
8
1
0
0
0
0
5
20
2
5
3
0
3
9
3
3
5
0
2
6
207
12
7
7
3
4
2
9
4
5
4
5
21
4
0
3
0
3
8
4
4
0
8
0
4
6
7
3
5
7
3
3
0
9
0
4
6
12
0
8
6
4
5
6
0
0
8
5
37
1
7
0
2
38
0
11
1
20
31
38
19
201
2
10
0
0
11
0
4
0
8
6
1
7
1
1
0
2
3
0
0
11
3
8
43
0
5
4
1
4
0
5
10
0
8
0
5
0
10
23
35
0
0
4
9
206
0
10
0
14
6
18
0
18
0
3
0
43
18
6
10
6
7
12
5
21
0
2
0
0
84
6
0
0
0
1
6
33
8
0
0
0
13
0
0
0
0
0
0
1
6
0
11
1
2
4
0
5
14
3
0
11
3
12
4
0
0
1
5
0
2
15
10
0
5
4
44
0
4
0
0
8
0
0
5
5
19
6
7
4
0
2
3
2
26
5
0
6
6
0
0
0
10
5
0
5
0
8
1
11
0
5
0
46
21
0
0
0
13
0
27
5
5
164
6
4
9
6
2
6
10
0
0
4
5
7
7
0
6
8
16
5
5
5
0
9
0
0
1
5
8
5
30
5
0
2
11
218
11
7
12
2
2
12
0
0
2
15
5
1
4
0
1
7
8
0
7
5
12
3
12
6
10
2
33
6
5
7
12
0
10
5
0
6
0
44
1
0
26
6
5
3
9
33
28
11
4
10
11
5
0
2
0
2
2
5
5
3
0
2
0
2
4
0
4
0
0
10
0
0
1
0
2
0
5
0
0
6
17
8
0
2
2
3
2
0
0
61
13
0
4
0
12
0
13
0
4
6
0
0
5
0
1
5
4
0
2
2
0
1
7
8
3
1
0
9
3
0
4
10
3
4
3
0
4
0
1
1
0
5
1
5
5
3
0
0
1
7
0
0
0
1
1
2
20
0
0
11
0
1
1
2
6
0
2
2
0
8
0
223
19
1
3
23
0
0
2
14
0
8
8
6
5
2
3
10
0
5
11
2
0
0
0
2
4
0
5
0
0
5
7
7
1
0
0
1
48
9
2
0
5
0
1
0
0
0
1
6
2
5
0
12
6
4
6
42
16
4
13
8
4
2
0
2
4
0
20
2
0
1
0
0
20
7
4
0
10
13
10
5
5
7
2
6
0
3
15
0
9
8
0
7
5
0
3
0
1
0
5
9
8
0
0
7
0
5
2
6
3
0
6
2
0
2
6
29
9
2
1
0
6
66
9
0
0
4
2
12
8
3
11
2
9
3
1
34
0
0
2
1
12
0
3
5
5
6
15
0
6
6
4
3
11
4
10
3
4
0
0
8
3
19
2
0
0
8
0
0
10
0
8
6
1
4
3
0
2
4
6
0
18
6
5
39
1
0
8
4
0
2
0
6
1
8
10
0
6
13
6
0
12
0
1
5
0
0
5
1
0
73
11
0
0
0
0
0
5
8
6
0
29
2
10
4
0
2
0
7
0
10
4
3
17
0
4
10
0
0
0
12
16
7
30
0
13
11
1
2
0
1
5
24
12
0
0
2
11
1
1
1
0
1
5
7
3
0
0
4
0
6
0
39
1
4
209
25
0
3
0
6
0
2
2
11
7
2
22
6
0
9
5
1
28
1
8
0
7
2
4
0
6
1
3
6
17
0
2
0
14
1
0
1
1
15
2
0
9
9
2
0
5
0
0
15
13
6
4
10
6
6
5
6
0
0
1
0
4
6
5
0
3
4
0
8
0
15
13
0
6
0
0
0
10
0
16
1
0
0
5
0
0
0
2
2
3
0
0
8
1
4
18
2
5
2
13
11
11
5
8
221
1
5
0
1
5
1
0
10
6
6
7
10
26
5
0
10
1
1
2
32
4
6
0
0
0
0
2
6
8
0
0
1
5
6
10
1
4
6
32
11
5
1
0
0
6
15
21
1
6
9
2
0
0
2
2
6
1
6
7
3
7
0
5
3
5
9
1
0
0
11
2
13
9
3
0
1
4
2
3
2
0
6
8
7
0
17
2
6
7
2
6
203
6
5
24
1
0
0
0
0
36
13
0
0
6
3
10
5
25
0
7
0
22
2
6
0
0
7
7
0
2
8
0
0
6
0
0
6
0
3
6
2
8
0
0
0
0
7
1
6
0
2
21
6
9
2
0
5
7
0
0
0
0
0
9
2
8
16
0
7
4
3
0
5
1
1
4
5
2
0
0
5
31
0
19
83
1
53
220
9
1
8
0
7
6
0
5
0
6
0
0
0
10
12
2
1
0
3
11
5
0
23
0
0
2
4
0
1
29
0
19
136
14
4
1
22
4
30
0
35
3
3
8
7
5
1
0
2
0
9
17
0
7
37
9
0
9
55
4
11
7
8
4
4
6
2
0
3
25
4
3
0
15
12
10
9
0
6
0
1
0
3
16
13
6
2
14
0
0
6
2
5
6
17
5
0
14
0
16
1
2
0
0
1
0
8
13
4
0
0
23
14
7
5
0
0
10
0
1
20
1
0
16
1
0
4
57
0
1
3
2
6
4
6
3
2
5
0
5
4
7
36
0
0
24
7
0
61
3
5
5
32
3
0
6
7
0
2
47
2
33
1
1
2
4
4
6
14
0
3
2
2
0
1
0
257
4
8
0
30
6
4
4
1
0
1
5
25
5
0
1
0
11
0
16
21
0
0
0
1
0
0
36
1
3
10
2
4
10
0
0
13
0
9
2
4
2
1
7
4
5
5
58
0
8
7
1
2
6
0
6
0
6
5
2
9
45
35
19
5
0
2
20
5
141
0
23
4
0
0
42
0
7
1
0
5
0
9
6
1
2
0
18
5
34
11
103
5
2
41
9
9
2
0
9
0
3
6
0
4
55
40
2
1
7
6
2
2
0
7
23
0
21
4
6
0
18
5
11
32
0
6
0
0
6
6
4
0
54
5
13
33
12
0
4
6
6
1
3
2
0
0
14
23
2
0
18
1
3
4
7
23
1
0
4
0
6
6
55
4
5
13
22
0
2
4
0
6
3
0
10
4
6
0
7
5
0
0
26
6
1
0
2
10
6
0
13
0
2
7
0
6
2
26
4
9
0
0
11
0
0
9
9
5
6
1
0
0
6
5
28
4
45
37
11
31
7
2
1
3
0
37
6
1
0
3
2
11
1
1
5
0
0
16
0
1
1
0
4
3
6
2
0
80
10
0
15
0
1
0
9
5
0
0
4
5
9
12
7
0
1
12
0
17
4
3
0
0
9
5
6
2
1
7
4
0
6
5
0
10
56
0
1
5
0
31
2
4
13
5
5
10
4
0
2
5
0
0
4
0
19
0
0
1
16
2
3
1
0
14
2
0
4
9
0
4
20
4
3
13
8
0
2
6
7
4
6
8
0
5
0
7
5
1
2
5
1
0
0
0
2
2
0
8
0
7
6
6
0
6
0
0
9
5
16
167
2
5
7
0
6
2
8
6
0
0
2
10
8
0
0
5
0
7
2
3
1
2
6
0
8
15
7
0
0
0
10
1
0
16
6
14
10
18
6
15
8
0
2
0
0
7
5
32
0
1
9
4
7
7
19
0
0
5
1
0
3
33
10
2
6
6
7
0
0
1
0
10
5
1
6
0
1
5
2
5
0
2
4
2
0
0
40
8
2
0
4
0
2
0
8
0
1
4
28
1
2
7
6
0
4
15
8
0
29
0
0
0
0
0
5
126
0
2
51
8
5
7
0
0
0
1
4
1
10
5
1
1
1
5
0
9
8
0
0
0
7
0
0
2
0
2
0
0
3
9
5
6
12
4
10
1
10
0
3
78
0
3
9
6
10
4
0
14
7
2
15
8
1
5
21
0
5
4
4
0
6
9
6
30
0
1
5
0
8
0
0
32
0
4
6
3
5
23
1
0
0
